scorer,jamie,jamie,jamie,jamie,jamie,jamie,jamie,jamie,jamie,jamie,jamie,jamie,jamie,jamie,jamie,jamie,jamie,jamie,jamie,jamie,jamie,jamie,jamie,jamie,jamie,jamie,jamie,jamie,jamie,jamie,jamie,jamie,jamie,jamie,jamie,jamie,jamie,jamie,jamie,jamie,jamie,jamie,jamie,jamie,jamie,jamie,jamie,jamie,jamie,jamie,jamie,jamie,jamie,jamie,jamie,jamie,jamie,jamie,jamie,jamie,jamie,jamie,jamie,jamie,jamie,jamie,jamie,jamie,jamie,jamie,jamie,jamie,jamie,jamie,jamie,jamie,jamie,jamie,jamie,jamie,jamie,jamie,jamie,jamie,jamie,jamie,jamie,jamie,jamie,jamie,jamie,jamie,jamie,jamie,jamie,jamie,jamie,jamie,jamie,jamie,jamie,jamie,jamie,jamie,jamie,jamie,jamie,jamie,jamie,jamie,jamie,jamie,jamie,jamie,jamie,jamie,jamie,jamie,jamie,jamie,jamie,jamie,jamie,jamie,jamie,jamie,jamie,jamie,jamie,jamie,jamie,jamie,jamie,jamie,jamie,jamie,jamie,jamie,jamie,jamie,jamie,jamie,jamie,jamie,jamie,jamie,jamie,jamie,jamie,jamie,jamie,jamie,jamie,jamie,jamie,jamie,jamie,jamie,jamie,jamie,jamie,jamie,jamie,jamie,jamie,jamie,jamie,jamie,jamie,jamie,jamie,jamie,jamie,jamie,jamie,jamie,jamie,jamie,jamie,jamie,jamie,jamie,jamie,jamie,jamie,jamie,jamie,jamie,jamie,jamie,jamie,jamie,jamie,jamie,jamie,jamie,jamie,jamie,jamie,jamie,jamie,jamie,jamie,jamie,jamie,jamie,jamie,jamie,jamie,jamie,jamie,jamie,jamie,jamie,jamie,jamie,jamie,jamie,jamie,jamie,jamie,jamie,jamie,jamie,jamie,jamie,jamie,jamie,jamie,jamie,jamie,jamie,jamie,jamie,jamie,jamie,jamie,jamie,jamie,jamie
individuals,fish1,fish1,fish1,fish1,fish1,fish1,fish1,fish1,fish10,fish10,fish10,fish10,fish10,fish10,fish10,fish10,fish11,fish11,fish11,fish11,fish11,fish11,fish11,fish11,fish12,fish12,fish12,fish12,fish12,fish12,fish12,fish12,fish13,fish13,fish13,fish13,fish13,fish13,fish13,fish13,fish14,fish14,fish14,fish14,fish14,fish14,fish14,fish14,fish15,fish15,fish15,fish15,fish15,fish15,fish15,fish15,fish16,fish16,fish16,fish16,fish16,fish16,fish16,fish16,fish17,fish17,fish17,fish17,fish17,fish17,fish17,fish17,fish18,fish18,fish18,fish18,fish18,fish18,fish18,fish18,fish19,fish19,fish19,fish19,fish19,fish19,fish19,fish19,fish2,fish2,fish2,fish2,fish2,fish2,fish2,fish2,fish20,fish20,fish20,fish20,fish20,fish20,fish20,fish20,fish21,fish21,fish21,fish21,fish21,fish21,fish21,fish21,fish22,fish22,fish22,fish22,fish22,fish22,fish22,fish22,fish23,fish23,fish23,fish23,fish23,fish23,fish23,fish23,fish24,fish24,fish24,fish24,fish24,fish24,fish24,fish24,fish25,fish25,fish25,fish25,fish25,fish25,fish25,fish25,fish26,fish26,fish26,fish26,fish26,fish26,fish26,fish26,fish27,fish27,fish27,fish27,fish27,fish27,fish27,fish27,fish28,fish28,fish28,fish28,fish28,fish28,fish28,fish28,fish29,fish29,fish29,fish29,fish29,fish29,fish29,fish29,fish3,fish3,fish3,fish3,fish3,fish3,fish3,fish3,fish30,fish30,fish30,fish30,fish30,fish30,fish30,fish30,fish4,fish4,fish4,fish4,fish4,fish4,fish4,fish4,fish5,fish5,fish5,fish5,fish5,fish5,fish5,fish5,fish6,fish6,fish6,fish6,fish6,fish6,fish6,fish6,fish7,fish7,fish7,fish7,fish7,fish7,fish7,fish7,fish8,fish8,fish8,fish8,fish8,fish8,fish8,fish8,fish9,fish9,fish9,fish9,fish9,fish9,fish9,fish9
bodyparts,eyes,eyes,swimbladder,swimbladder,midtail,midtail,endtail,endtail,eyes,eyes,swimbladder,swimbladder,midtail,midtail,endtail,endtail,eyes,eyes,swimbladder,swimbladder,midtail,midtail,endtail,endtail,eyes,eyes,swimbladder,swimbladder,midtail,midtail,endtail,endtail,eyes,eyes,swimbladder,swimbladder,midtail,midtail,endtail,endtail,eyes,eyes,swimbladder,swimbladder,midtail,midtail,endtail,endtail,eyes,eyes,swimbladder,swimbladder,midtail,midtail,endtail,endtail,eyes,eyes,swimbladder,swimbladder,midtail,midtail,endtail,endtail,eyes,eyes,swimbladder,swimbladder,midtail,midtail,endtail,endtail,eyes,eyes,swimbladder,swimbladder,midtail,midtail,endtail,endtail,eyes,eyes,swimbladder,swimbladder,midtail,midtail,endtail,endtail,eyes,eyes,swimbladder,swimbladder,midtail,midtail,endtail,endtail,eyes,eyes,swimbladder,swimbladder,midtail,midtail,endtail,endtail,eyes,eyes,swimbladder,swimbladder,midtail,midtail,endtail,endtail,eyes,eyes,swimbladder,swimbladder,midtail,midtail,endtail,endtail,eyes,eyes,swimbladder,swimbladder,midtail,midtail,endtail,endtail,eyes,eyes,swimbladder,swimbladder,midtail,midtail,endtail,endtail,eyes,eyes,swimbladder,swimbladder,midtail,midtail,endtail,endtail,eyes,eyes,swimbladder,swimbladder,midtail,midtail,endtail,endtail,eyes,eyes,swimbladder,swimbladder,midtail,midtail,endtail,endtail,eyes,eyes,swimbladder,swimbladder,midtail,midtail,endtail,endtail,eyes,eyes,swimbladder,swimbladder,midtail,midtail,endtail,endtail,eyes,eyes,swimbladder,swimbladder,midtail,midtail,endtail,endtail,eyes,eyes,swimbladder,swimbladder,midtail,midtail,endtail,endtail,eyes,eyes,swimbladder,swimbladder,midtail,midtail,endtail,endtail,eyes,eyes,swimbladder,swimbladder,midtail,midtail,endtail,endtail,eyes,eyes,swimbladder,swimbladder,midtail,midtail,endtail,endtail,eyes,eyes,swimbladder,swimbladder,midtail,midtail,endtail,endtail,eyes,eyes,swimbladder,swimbladder,midtail,midtail,endtail,endtail,eyes,eyes,swimbladder,swimbladder,midtail,midtail,endtail,endtail
coords,x,y,x,y,x,y,x,y,x,y,x,y,x,y,x,y,x,y,x,y,x,y,x,y,x,y,x,y,x,y,x,y,x,y,x,y,x,y,x,y,x,y,x,y,x,y,x,y,x,y,x,y,x,y,x,y,x,y,x,y,x,y,x,y,x,y,x,y,x,y,x,y,x,y,x,y,x,y,x,y,x,y,x,y,x,y,x,y,x,y,x,y,x,y,x,y,x,y,x,y,x,y,x,y,x,y,x,y,x,y,x,y,x,y,x,y,x,y,x,y,x,y,x,y,x,y,x,y,x,y,x,y,x,y,x,y,x,y,x,y,x,y,x,y,x,y,x,y,x,y,x,y,x,y,x,y,x,y,x,y,x,y,x,y,x,y,x,y,x,y,x,y,x,y,x,y,x,y,x,y,x,y,x,y,x,y,x,y,x,y,x,y,x,y,x,y,x,y,x,y,x,y,x,y,x,y,x,y,x,y,x,y,x,y,x,y,x,y,x,y,x,y,x,y,x,y,x,y,x,y,x,y,x,y,x,y,x,y,x,y
labeled-data/00598_WT/img000.png,247.01326987556484,366.25023561324724,262.05496041218663,353.0469739199903,275.7596117899976,341.34788128039554,301.3304857022547,320.2895145291251,,,,,,,,,,,,,,,,,,,,,,,,,,,,,,,,,,,,,,,,,,,,,,,,,,,,,,,,,,,,,,,,,,,,,,,,,,,,,,,,,551.5826215443273,682.0207955831596,571.0372924506196,674.6558130257774,590.9088491620469,666.3180969230807,615.5051116650021,655.7569898596649,,,,,,,,,,,,,,,,,,,,,,,,,,,,,,,,,,,,,,,,,,,,,,,,,,,,,,,,,,,,,,,,,,,,,,,,,,,,,,,,,564.9438136403737,362.4285498067528,583.4469981667243,369.9980343857144,600.6886019299145,378.40857280678284,623.8175825878527,389.13200929364507,,,,,,,,,708.9729321728267,369.4527292423047,727.5023996317432,359.72475882637355,746.1862793194838,347.8350172069022,772.8995949060883,332.23938209564756,849.4618103240425,429.0127455590777,865.6948065500187,415.5854523845048,881.1261733327369,400.5549003234157,902.9705756615197,383.3198672933669,927.4797240316718,569.3915310765083,928.6098901320031,549.0485412705491,929.740056232334,526.7277607890104,930.8702223326651,499.03869133089916,1107.7973803760044,747.2142307665299,1118.0707216426767,730.7381174143196,1131.833122207464,713.4866575514171,1145.5955227722513,694.6845046671301,697.2306443757828,804.5761397254905,678.0703865352863,806.5867840667771,659.5014946775211,809.543613980434,633.8362110269795,812.7369902871834,,,,,,,,
labeled-data/00598_WT/img010.png,,,,,,,,,,,,,,,,,,,,,,,,,,,,,,,,,,,,,,,,,,,,,,,,,,,,,,,,,,,,,,,,,,,,,,,,,,,,,,,,,,,,,,,,,,,,,,,,,,,,,,,,,,,,,,,,,,,,,,,,,,,,,,,,,,,,,,,,,,,,,,,,,,,,,,,,,,,,,,,,,,,,,,,,,,,,,,,,,,,,,,,,,,,,,,,,,,,,,,,,,,,,,,,,,,,,,,,,,,,,,,,,,,,,,,,,,,,,,,,,
labeled-data/00598_WT/img021.png,260.6858890384689,371.0105843628133,256.0535221737398,354.17965142096426,277.053585293845,335.186947275575,297.1271750410044,331.3266415549674,,,,,,,,,,,,,,,,,,,,,,,,,,,,,,,,,,,,,,,,,,,,,,,,,,,,,,,,,,,,,,,,,,,,,,,,,,,,,,,,,578.9928542250409,354.5920963402537,577.1530489454321,372.0702464965365,594.631199101715,383.84500028603236,618.3646872086674,379.61344814293227,,,,,,,,,,,,,,,,,,,,,,,,,,,,,,,,,,,,,,,,,,,,,,,,,,,,,,,,,,,,,,,,,,,,,,,,,,,,,,,,,727.7465631472301,372.36507529259376,722.7790888922865,359.0593406811378,734.8429549400065,345.9310158645013,761.4544241629184,345.04396689040425,,,,,,,,,869.1491773051968,426.69406524811944,861.2840097348695,416.6211313422617,871.6329144326685,402.546620953255,889.8469867007949,399.2349714499593,553.7310320787046,670.7574192533856,569.8205707201249,680.3345255875643,588.4640043839927,673.9497880314451,602.5104270074547,655.5617438698221,692.2442694083529,799.1164790687375,679.619389823121,810.9808237391965,656.1949144481122,812.5018935687425,633.5309739878765,808.8513259778321,914.1527330985034,557.5769586441754,932.9450298830782,552.6653356209342,938.4972993876116,536.0085271073339,925.2572721075703,514.0129979162975,1117.6291733036203,748.5611653531978,1114.422655530588,730.1236881582618,1124.2426162104996,714.2915066539147,1145.4857964568387,704.0707312523741,,,,,,,,
labeled-data/00598_WT/img027.png,279.6319475492869,367.28090481705794,261.5361484777069,356.89257572041015,253.66112480766742,339.80209881947343,278.96173276885804,334.10527318582785,,,,,,,,,,,,,,,,,,,,,,,,,,,,,,,,,,,,,,,,,,,,,,,,,,,,,,,,,,,,,,,,,,,,,,,,,,,,,,,,,601.701886186442,365.03437115599274,581.7531403689703,366.9136008344502,573.9471093969162,380.93554535832527,599.6781003788724,378.4780911634193,,,,,,,,,,,,,,,,,,,,,,,,,,,,,,,,,,,,,,,,,,,,,,,,,,,,,,,,,,,,,,,,,,,,,,,,,,,,,,,,,563.3761369165019,653.4726692819004,566.7764913172073,674.1704786774986,578.7516524675176,689.84167721988,593.9793265228504,671.6571732508903,,,,,,,,,669.8000921997059,793.6491419259057,682.192494904499,806.5803447482984,678.4208940813011,822.2055481586897,653.636088671715,808.7355452186972,906.785144151413,544.702264126799,925.1831969475002,549.8274359771376,943.4498350807581,548.7761186745041,934.5136380083729,524.7272353767615,747.1941952870347,361.8068270369078,731.7201187388972,362.2010710253954,724.7222879432426,356.68165518656923,746.011463321572,346.0370674974045,878.4779034047197,426.0455338870574,868.2275597040425,417.50358080315976,862.931548792026,407.5949152258385,885.6531439951937,399.22380120361885,1135.514510149996,729.5040680230221,1119.5804822819562,735.2534595217994,1105.453406027818,721.454919924734,1125.9869470948795,714.2271134691283,,,,,,,,
labeled-data/00598_WT/img034.png,274.5901057366483,389.9314703949665,279.82369468382103,372.680010532064,274.0085958536291,353.29634776475785,249.3913441391503,343.60451638110476,,,,,,,,,,,,,,,,,,,,,,,,,,,,,,,,,,,,,,,,,,,,,,,,,,,,,,,,,,,,,,,,,,,,,,,,,,,,,,,,,541.3040028331359,656.3027497532587,561.0359144569394,652.2026122729878,573.2081976014936,663.4779903437327,572.1831632314259,685.6443585964471,,,,,,,,,,,,,,,,,,,,,,,,,,,,,,,,,,,,,,,,,,,,,,,,,,,,,,,,,,,,,,,,,,,,,,,,,,,,,,,,,675.7108609044376,775.4259363387126,669.0087131001487,791.9841838551913,677.4849588526317,810.7107733083515,679.8504227835572,834.1682906233626,,,,,,,,,892.508127052353,562.3252989488511,905.6495933352724,548.2639300261274,923.3905728172135,542.2188555359844,951.9075546511488,548.789588677444,606.5970626646302,345.35627383661785,601.7675738056573,362.0985018810572,583.0935502176288,368.85978628361926,564.7414925535319,382.22137212677757,742.9434467470618,379.01222606048873,746.8858866319375,363.55786171177544,735.2162645727051,360.4039098038748,721.8119689641273,362.4539785440102,871.583849125618,443.30461580040384,876.0519476618107,429.90032019182604,872.3723371025933,414.9190486292979,855.8140895861147,397.83514246150264,1234.1002431499796,387.38031754546324,1252.3241715178183,382.15329933143204,1266.592518534498,372.1230751909938,,,,,1140.6396486035835,732.4325738590641,1125.5472557393102,726.7595467540535,1094.7202405271776,729.4355029356623
labeled-data/00598_WT/img039.png,283.91283111412974,401.6800069592279,272.7294433073653,383.6893396179112,276.86243445334344,365.4555551503605,271.0276234237273,341.1438425269596,108.89447340530083,576.8297512580991,91.54301016455358,574.2007416761677,,,,,,,,,,,,,,,,,,,,,,,,,,,,,,,,,,,,,,,,,,,,,,,,,,,,,,,,,,,,,,,,,,,,,,,,,,,,,608.7974057143941,332.36094065876455,606.6684881765611,351.34378870444164,601.5236041267982,367.84289962264694,573.3154467505117,370.1492269552993,,,,,,,,,,,,,,,,,,,,,,,,,,,,,,,,,,,,,,,,,,,,,,,,,,,,,,,,,,,,,,,,,,,,,,,,,,,,,,,,,531.257588406237,653.2800153861931,551.640002611045,655.737469581099,569.4204064918349,651.6898979659599,579.2502232714587,669.9039702340862,,,,,,,,,685.5057016715492,767.254506896662,671.6086010773618,780.6883708043764,662.8071040343765,795.9751814579824,679.9468614338742,815.4311222898447,746.7158984802015,387.2517282978848,745.5824470132998,372.2901689347811,750.796323761048,355.0617066378737,736.2881449847049,355.51508722463444,884.1077486274045,450.81529231774925,868.9753502026227,440.0294338660432,863.9848783816841,425.0580184032272,871.551077594075,409.44267109254827,876.9341598251156,560.4796053352128,898.9615043937265,559.043039385086,919.3926645733077,542.6023401780793,940.6219169474039,537.8137870109899,1221.1016410323884,374.9609091274588,1237.804444677979,385.75662367887713,1258.78479559866,386.7750873158034,1271.821130151316,366.6095073046635,,,,,1136.726928687792,727.2129190839265,1111.8764159467912,724.0064013108943
labeled-data/00598_WT/img049.png,301.9469556417609,413.3390501381025,289.8042407963433,396.465407430834,271.51131973051946,389.84210842424255,254.1645842370658,372.0222801446038,1246.6666799354412,463.2519817639158,1246.837518997119,483.41099104191426,1255.3794720810167,497.5906331611843,,,,,,,,,,,,,,,,,,,,,,,,,,,,,,,,,,,,,,,,,,,,,,,,,,,,,,,,,,,,,,,,,,,,,,,,,,,626.7512900915848,314.7957282883574,620.863913196837,331.35397580483584,602.2818798727889,342.2088269545273,588.6673208036843,360.23891869469276,,,,,,,,,,,,,,,,,,,,,,,,,,,,,,,,,,,,,,,,,,,,,,,,,,,,,,,,,,,,,,,,,,,,,,,,,,,,,,,,,510.73629518575103,645.1016866743437,530.6061922055253,645.7324770559238,545.4297661726583,659.4521678552918,569.2421030773085,667.4947452204384,,,,,,,,,126.3229037523526,599.1411167404498,110.07019532695202,591.4336467655176,105.88135294927146,573.8405087792592,90.46641299940698,560.2686594755742,684.8951836443935,744.3745570247851,681.228714551459,762.7069024894577,681.6361000062295,787.7611079578435,660.6557490855487,801.0011352378848,754.9667565871495,406.194494871399,758.025432864499,387.68145424533634,749.9762847662108,375.4467491359383,740.1563240862993,356.61174258594406,888.4529826672682,470.1895589366633,888.9950681514385,452.1200427976491,878.5147487908104,437.8451250478279,849.7842181297779,432.0628798833433,863.2884250211382,571.7013408977256,877.0869646182036,557.4099963150508,895.4850174142908,552.4819464589559,924.2319749081771,559.2169479289522,1200.6413566773685,392.20104272757214,1214.5051069517126,376.7678112900946,1227.3225364506347,368.6588252805725,1249.295272734501,388.1465497228111
labeled-data/00598_WT/img052.png,,,,,,,,,,,,,,,,,,,,,,,,,,,,,,,,,,,,,,,,,,,,,,,,,,,,,,,,,,,,,,,,,,,,,,,,,,,,,,,,,,,,,,,,,,,,,,,,,,,,,,,,,,,,,,,,,,,,,,,,,,,,,,,,,,,,,,,,,,,,,,,,,,,,,,,,,,,,,,,,,,,,,,,,,,,,,,,,,,,,,,,,,,,,,,,,,,,,,,,,,,,,,,,,,,,,,,,,,,,,,,,,,,,,,,,,,,,,,,,,
labeled-data/00598_WT/img053.png,,,,,,,,,,,,,,,,,,,,,,,,,,,,,,,,,,,,,,,,,,,,,,,,,,,,,,,,,,,,,,,,,,,,,,,,,,,,,,,,,,,,,,,,,,,,,,,,,,,,,,,,,,,,,,,,,,,,,,,,,,,,,,,,,,,,,,,,,,,,,,,,,,,,,,,,,,,,,,,,,,,,,,,,,,,,,,,,,,,,,,,,,,,,,,,,,,,,,,,,,,,,,,,,,,,,,,,,,,,,,,,,,,,,,,,,,,,,,,,,
labeled-data/00598_WT/img068.png,,,,,,,,,,,,,,,,,,,,,,,,,,,,,,,,,,,,,,,,,,,,,,,,,,,,,,,,,,,,,,,,,,,,,,,,,,,,,,,,,,,,,,,,,,,,,,,,,,,,,,,,,,,,,,,,,,,,,,,,,,,,,,,,,,,,,,,,,,,,,,,,,,,,,,,,,,,,,,,,,,,,,,,,,,,,,,,,,,,,,,,,,,,,,,,,,,,,,,,,,,,,,,,,,,,,,,,,,,,,,,,,,,,,,,,,,,,,,,,,
labeled-data/00598_WT/img079.png,,,,,,,,,,,,,,,,,,,,,,,,,,,,,,,,,,,,,,,,,,,,,,,,,,,,,,,,,,,,,,,,,,,,,,,,,,,,,,,,,,,,,,,,,,,,,,,,,,,,,,,,,,,,,,,,,,,,,,,,,,,,,,,,,,,,,,,,,,,,,,,,,,,,,,,,,,,,,,,,,,,,,,,,,,,,,,,,,,,,,,,,,,,,,,,,,,,,,,,,,,,,,,,,,,,,,,,,,,,,,,,,,,,,,,,,,,,,,,,,
labeled-data/00598_WT/img083.png,,,,,,,,,,,,,,,,,,,,,,,,,,,,,,,,,,,,,,,,,,,,,,,,,,,,,,,,,,,,,,,,,,,,,,,,,,,,,,,,,,,,,,,,,,,,,,,,,,,,,,,,,,,,,,,,,,,,,,,,,,,,,,,,,,,,,,,,,,,,,,,,,,,,,,,,,,,,,,,,,,,,,,,,,,,,,,,,,,,,,,,,,,,,,,,,,,,,,,,,,,,,,,,,,,,,,,,,,,,,,,,,,,,,,,,,,,,,,,,,
labeled-data/00598_WT/img107.png,,,,,,,,,,,,,,,,,,,,,,,,,,,,,,,,,,,,,,,,,,,,,,,,,,,,,,,,,,,,,,,,,,,,,,,,,,,,,,,,,,,,,,,,,,,,,,,,,,,,,,,,,,,,,,,,,,,,,,,,,,,,,,,,,,,,,,,,,,,,,,,,,,,,,,,,,,,,,,,,,,,,,,,,,,,,,,,,,,,,,,,,,,,,,,,,,,,,,,,,,,,,,,,,,,,,,,,,,,,,,,,,,,,,,,,,,,,,,,,,
labeled-data/00598_WT/img114.png,,,,,,,,,,,,,,,,,,,,,,,,,,,,,,,,,,,,,,,,,,,,,,,,,,,,,,,,,,,,,,,,,,,,,,,,,,,,,,,,,,,,,,,,,,,,,,,,,,,,,,,,,,,,,,,,,,,,,,,,,,,,,,,,,,,,,,,,,,,,,,,,,,,,,,,,,,,,,,,,,,,,,,,,,,,,,,,,,,,,,,,,,,,,,,,,,,,,,,,,,,,,,,,,,,,,,,,,,,,,,,,,,,,,,,,,,,,,,,,,
labeled-data/00598_WT/img118.png,,,,,,,,,,,,,,,,,,,,,,,,,,,,,,,,,,,,,,,,,,,,,,,,,,,,,,,,,,,,,,,,,,,,,,,,,,,,,,,,,,,,,,,,,,,,,,,,,,,,,,,,,,,,,,,,,,,,,,,,,,,,,,,,,,,,,,,,,,,,,,,,,,,,,,,,,,,,,,,,,,,,,,,,,,,,,,,,,,,,,,,,,,,,,,,,,,,,,,,,,,,,,,,,,,,,,,,,,,,,,,,,,,,,,,,,,,,,,,,,
labeled-data/00598_WT/img129.png,,,,,,,,,,,,,,,,,,,,,,,,,,,,,,,,,,,,,,,,,,,,,,,,,,,,,,,,,,,,,,,,,,,,,,,,,,,,,,,,,,,,,,,,,,,,,,,,,,,,,,,,,,,,,,,,,,,,,,,,,,,,,,,,,,,,,,,,,,,,,,,,,,,,,,,,,,,,,,,,,,,,,,,,,,,,,,,,,,,,,,,,,,,,,,,,,,,,,,,,,,,,,,,,,,,,,,,,,,,,,,,,,,,,,,,,,,,,,,,,
labeled-data/00598_WT/img131.png,,,,,,,,,,,,,,,,,,,,,,,,,,,,,,,,,,,,,,,,,,,,,,,,,,,,,,,,,,,,,,,,,,,,,,,,,,,,,,,,,,,,,,,,,,,,,,,,,,,,,,,,,,,,,,,,,,,,,,,,,,,,,,,,,,,,,,,,,,,,,,,,,,,,,,,,,,,,,,,,,,,,,,,,,,,,,,,,,,,,,,,,,,,,,,,,,,,,,,,,,,,,,,,,,,,,,,,,,,,,,,,,,,,,,,,,,,,,,,,,
labeled-data/00598_WT/img137.png,,,,,,,,,,,,,,,,,,,,,,,,,,,,,,,,,,,,,,,,,,,,,,,,,,,,,,,,,,,,,,,,,,,,,,,,,,,,,,,,,,,,,,,,,,,,,,,,,,,,,,,,,,,,,,,,,,,,,,,,,,,,,,,,,,,,,,,,,,,,,,,,,,,,,,,,,,,,,,,,,,,,,,,,,,,,,,,,,,,,,,,,,,,,,,,,,,,,,,,,,,,,,,,,,,,,,,,,,,,,,,,,,,,,,,,,,,,,,,,,
labeled-data/00598_WT/img138.png,,,,,,,,,,,,,,,,,,,,,,,,,,,,,,,,,,,,,,,,,,,,,,,,,,,,,,,,,,,,,,,,,,,,,,,,,,,,,,,,,,,,,,,,,,,,,,,,,,,,,,,,,,,,,,,,,,,,,,,,,,,,,,,,,,,,,,,,,,,,,,,,,,,,,,,,,,,,,,,,,,,,,,,,,,,,,,,,,,,,,,,,,,,,,,,,,,,,,,,,,,,,,,,,,,,,,,,,,,,,,,,,,,,,,,,,,,,,,,,,
labeled-data/00598_WT/img142.png,,,,,,,,,,,,,,,,,,,,,,,,,,,,,,,,,,,,,,,,,,,,,,,,,,,,,,,,,,,,,,,,,,,,,,,,,,,,,,,,,,,,,,,,,,,,,,,,,,,,,,,,,,,,,,,,,,,,,,,,,,,,,,,,,,,,,,,,,,,,,,,,,,,,,,,,,,,,,,,,,,,,,,,,,,,,,,,,,,,,,,,,,,,,,,,,,,,,,,,,,,,,,,,,,,,,,,,,,,,,,,,,,,,,,,,,,,,,,,,,
labeled-data/00599_WT/img007.png,102.11042398353732,553.3238544963713,114.59481695231078,563.31136887139,130.32515209296534,578.1677965042304,146.55486295237085,592.0254726995689,389.8128722756661,217.8718950359878,374.5359177217723,228.7136047193963,358.10908486812303,239.22677774573185,331.1690789881382,257.29629388474604,400.98908518570425,280.7155465751348,420.9207335447185,278.65365191730575,443.60157478083806,274.98806141449853,472.5826496936576,271.78066972454224,365.8734757375222,48.58426435861296,353.0570540256066,33.93692525928087,340.6068157911743,18.435158045821062,,,,,,,,,,,832.1592005890004,679.9806494578345,818.3212365930863,665.6301682768865,808.3271514849259,651.7922042809723,787.057688306021,626.4226036217964,978.5473601607331,694.344337812397,969.6768704197624,677.6678170993722,958.6774631409588,660.1042474122504,945.3717285295029,636.5087447012685,904.9671537058339,784.29208939581,894.0334537584449,801.3234296984735,882.0484365084224,818.5650334616639,865.2273596662855,844.0069121853959,1120.126777963387,459.1551296502157,1128.6128798155823,441.5619916639573,1133.5803540705258,421.07116036231525,1146.8269520837086,397.68263574528936,,,,,,,,,,,,,,,,,196.74077897191265,633.5517176656173,196.5140886785323,614.0563524349063,197.42084985205375,591.3873230968703,197.42084985205375,559.4239917302395,,,,,,,,,,,,,,,,,,,,,,,,,,,,,,,,,,,,,,,,,,,,,,,,,,,,,,,,,,,,,,,,,,,,,,,,,,,,,,,,,231.47229107361255,702.8618782693673,252.35789433807048,702.8618782693673,273.55522302438595,701.9267020037945,306.2863923194319,702.5501528475097,,,,,,,,,340.1364492612298,816.6504532389055,351.9637689158573,798.9094737569642,366.25511349853224,773.7764194908808,388.5956061794953,768.519832977713,397.16223072365574,739.8780729214213,410.90163372244797,725.6918600690099,425.98146628209804,710.8354324361694,446.4230170851792,688.7183446820161,557.927499201768,591.2956234181487,574.8601987733932,593.2955485644037,594.0594801774408,596.2287721122443,620.3251637649226,599.6953090324196,566.8281717760482,410.60713641987786,561.9001219199533,428.10171340901434,555.4936571070301,448.06031532619824,548.5943873084975,471.46855214264843,217.25250136419925,377.58938196645863,196.34060800392206,376.38754901471856,171.70303249325062,375.6664492436745,144.06087460322902,374.5847995871085,302.08927279355487,313.63868788947764,287.30512322527056,300.6286362693874,271.3382416915234,285.0559987241279,251.23179827865673,264.3581893285298
labeled-data/00599_WT/img014.png,101.3410666961035,552.9079270885168,115.41557708511019,564.360714954081,131.5598684136767,578.9871669269703,150.87782384956824,596.2353414233021,401.10794950498257,281.57082151649854,420.97199476046137,278.49112457766466,441.7599490975904,275.41142763883073,471.94097909816287,271.0998519244632,567.3349822793487,410.2994289868633,561.9535518364933,427.21249609298053,555.5470870235699,446.94440771678404,549.1406222106468,473.0827841535108,557.9231544751025,590.9880196438637,574.0904433696641,593.2976323430868,593.1751377790338,596.0934792947779,617.7299675286688,599.8617947514051,831.290322977406,679.9164533950425,818.2539884247499,665.8616552054601,806.6435029637906,650.9920861063368,786.4779229526508,626.752651547492,904.5678206845282,784.9981803791914,894.6328721746411,800.6102423232996,882.8055525200136,817.1684898397781,865.9319098127452,843.0308954845635,978.8657384643694,694.3015623396459,969.2626119781261,677.6907489580358,956.0258700646555,655.3699684764971,943.3082160693601,632.0110121586079,1116.0248959534672,461.1295035445615,1127.9507766052166,444.86693901944875,1137.7083153202843,425.13502739564524,1134.0221340279254,399.1149241554648,1048.9201059423942,835.562994439969,1066.6775122571892,830.1585664311183,1085.8246286314027,823.364428362849,,,,,,,,,,,,,,,,,,,196.7218371909491,633.0349295040414,196.90253235233922,613.8812423966864,197.08322751372938,590.571566577358,198.16739848207024,560.5761697865944,,,,,,,,,,,,,,,,,,,,,,,,,,,,,,,,,,,,,,,,,,,,,,,,,,,,,,,,,,,,,,,,,,,,,,,,,,,,,,,,,232.68025808443494,702.7614469666067,252.68814050017977,702.6234615706361,276.14565781519093,702.8994323625774,305.53654715694023,702.3474907786948,,,,,,,,,337.41970736582874,818.7101152494273,349.9041003346022,801.2976724245591,360.41727336093777,785.5279128850558,383.0863026989738,763.1874202040927,397.32819594402594,738.566686001049,410.8803330482866,725.7373295423489,426.600812089229,709.6554601786263,446.6579750035348,687.7913456504191,217.67663035899852,377.709958718849,196.53939332027008,376.76351526935366,170.19671730931742,375.3438500951107,145.11596589769186,375.02836894527894,301.4894009967719,314.39419078608273,287.612012602009,300.9373293123732,273.1038338256659,286.21888707550346,251.65696085194142,265.82333140441256,389.77917098538364,218.20463696227142,373.84514311734387,228.88207831714345,356.4327002924756,240.8736663003074,332.9423293117572,255.82208419712825,365.8413051521159,48.90660932798535,352.7326925349038,33.59023037524277,338.79616754186776,17.58392444264691,,
labeled-data/00599_WT/img019.png,98.47604142321589,558.7096216231001,115.23141093393812,561.6138856716253,129.52932624975443,573.4543467925357,144.1623489557852,594.3427074492361,389.9642225428465,217.91020241020252,374.14189713821156,228.58107303193307,356.84772750988964,240.171846293468,332.1943367631328,256.5461132819856,404.51061669407295,286.49392363826314,419.11476492170186,275.5046635857899,435.5986550004118,272.75734857267156,465.8191201447132,275.21547253177744,366.0506947051348,48.65087639411977,352.7515308268204,33.183370579123604,339.0186985611696,17.715864764127446,,,822.7288400319286,683.0650173017672,823.1362254866991,664.5289791097093,810.9146618435841,648.6409463736597,786.0641491025834,631.9381427280691,979.3585418072955,694.5625518600247,969.0589176080575,677.3340895631173,959.3210910924141,660.1056272662099,944.339819529886,635.0119973989753,904.8961273659413,783.9392410261137,894.4486616710203,801.2859765195673,882.2270980279053,820.6039319554588,865.8659725056706,844.4556932589576,1125.6519744046948,465.6696173159845,1119.6200413808347,447.40626454929725,1131.3488000383404,429.4780191728244,1144.585541951811,407.5284851137783,1049.7451968365665,837.4167052935961,1066.8112247512754,828.0424082700235,1087.0020183405086,821.6726936258012,,,,,,,,,,,,,,,,,,,196.48969975979446,633.9400479942775,196.92993888027226,614.1292875727765,196.92993888027226,592.3374511091254,197.59029756098897,559.5396366335293,,,,,,,,,,,,,,,,,,,,,,,,,,,,,,,,,,,,,,,,,,,,,,,,,,,,,,,,,,,,,,,,,,,,,,,,,,,,,,,,,232.8390854344094,702.7614152287206,252.51534429117885,702.9942703631202,272.7737409839474,703.11069793032,306.0720252030957,701.8299946911221,,,,,,,,,330.836338704538,810.8252354796757,347.75597654379675,808.5254788801648,364.182809397446,793.7413293118805,369.2751275820773,760.7233952760454,401.9196616376328,741.4974301041343,408.97005829841913,724.1572653438221,425.7385692754243,709.8659207611472,447.6519643021925,690.4296921287095,557.7683020071578,596.2411236684666,575.5289936885234,590.4325955714162,591.0556361017927,593.6719670101559,616.3003928312809,601.7145443753026,564.5350384755438,410.2809652267358,563.9535285925247,427.14475183429215,556.7815733686214,447.4975977399636,547.4774152403144,470.5641564330579,213.2165245454614,384.4642813689308,196.81150475420947,372.58115805860086,175.8845884820355,373.21212035826443,146.65000193095833,378.5752999054045,298.7715125084377,315.708074585049,289.90102276746705,299.5637832564825,272.33745308034526,285.19358987611014,252.29014626575167,267.63002018898834
labeled-data/00599_WT/img025.png,110.69196573461224,579.2902091394545,113.06400039867921,561.0629954050453,125.29870550807718,555.8195503581604,130.7918384143375,581.2877120144583,365.86114055278665,49.31662307601241,352.7328157361502,32.87664875608021,341.1420424746152,19.984870332536254,,,428.8439913910253,292.8884440434107,416.0967690965935,278.03858714371177,423.3245755521992,265.1599501864507,443.6938482907243,277.51292849239496,545.4704521522704,425.6329575531051,565.2023637760738,422.45929344578,573.6194729302837,438.60358477434653,549.7479994273606,450.47032882782275,801.7419660159215,668.5074923195317,820.8989384898474,670.1173219391893,828.4651377022383,657.2386849819283,802.0639319398531,649.0285539216743,904.5797662773792,784.8367374659057,894.45426650639,800.2451066826287,883.6684080546837,817.6345519415019,868.4801583981996,840.0867470858697,978.0099333263599,694.7109847216902,969.4449826764671,677.0619955037295,956.9868726402595,657.5961985721551,945.0478505222272,636.8326818451425,1142.7360004883694,452.86772652181577,1123.5757426478729,457.716927580213,1110.9205106174215,447.66370587377963,1132.4462323888436,430.159272784931,1073.803562696683,841.1483804395352,1060.2809938915589,829.5576071780002,1066.7663075021796,812.1714472856978,1088.2920292736017,825.4180452988807,,,,,,,,,,,,,,,,,184.80370343357347,622.3289054600042,198.7073747609022,617.1905921433827,202.1832925927344,597.2418463259111,194.17356889329503,579.1066228554822,,,,,,,,,,,,,,,,,,,,,,,,,,,,,,,,,,,,,,,,,,,,,,,,,,,,,,,,,,,,,,,,,,,,,,,,,,,,,,,,,248.36820214022734,689.0979359355983,247.57971416325216,704.5523002843115,264.9264496567058,711.1755992909029,288.2656937751707,695.4058397513996,,,,,,,,,337.8063638002212,787.8363428523134,344.9816043906952,806.7403421002929,359.7460417595552,814.4675242746496,358.3661877998487,787.974328248284,425.14480661777964,734.9117813984433,407.6370881623602,727.4769968488816,408.5964152010133,709.9692783934622,430.90076884969835,709.4896148741357,576.0180402147759,609.4774713379486,570.2029413845839,590.8691550813347,578.5379163745256,576.7190812612013,592.494153566986,598.8164568159302,184.17288676906077,389.8677342834943,200.73113428553927,378.828902605842,195.2117184467131,364.7938166156841,173.92254306838362,376.7788338657066,275.0006254311273,306.66477456245804,290.0344628587871,304.4964326257763,288.7334576967781,290.4744881019013,265.45992090972777,284.98135519564096,367.1644816104275,214.1788144738303,379.8197136408789,226.95231970082796,370.830950703362,244.92984557586172,342.73720276482146,242.32198711743175
labeled-data/00599_WT/img030.png,105.57159544751674,586.0023444581184,114.67863158157991,571.3758924852291,117.30035410502232,550.9540538815723,130.96090830611706,561.854900163254,354.3023684708574,231.0123132081893,373.14485571735713,224.69517875560555,385.2345440662674,236.13137043700715,359.74817403342956,239.39885377455047,428.70022374989026,302.81340503892284,424.9417643929753,284.7044645010599,414.34974256894225,268.30391457997644,432.28784404512726,261.47035211285834,366.368606486718,48.4307568338808,352.4123692942576,33.528334069050196,339.4023176741674,17.91627212494194,,,793.2764601267583,678.7828705134777,808.251160956145,668.611375610498,827.6052554243146,665.3621480720462,826.0512770363594,647.5620319918319,905.0208842334147,784.5844870206048,894.3500136116842,800.222831897279,884.2310845738361,816.0451573019141,865.833031777749,843.4582559680839,965.6629590278237,692.4157619280469,976.3338296495543,676.9613975793337,963.6391732202542,662.9788774543074,944.6891788402844,641.6371362108463,1151.1331428272456,464.97949321413694,1139.5423695657107,454.19363476243086,1122.961124483237,454.6765836483281,1108.79462383025,438.2563215278203,1085.6805866621587,838.0257709287193,1069.260324541651,831.2644865261573,1054.495887172791,822.4334211840354,1067.7424851859737,808.63488158697,,,,,,,,,,,,,,,,,180.84632991495045,606.1564913935921,194.04364742957227,614.9974128354261,203.78147394521557,608.2065601337275,192.24983728195377,587.8340020286316,,,,,,,,,,,,,,,,,,,,,,,,,,,,,,,,,,,,,,,,,,,,,,,,,,,,,,,,,,,,,,,,,,,,,,,,,,,,,,,,,264.5920026251721,683.002398214929,253.80614417346595,697.9738136777449,251.8743486298768,716.0039054179105,274.41196330508365,708.5986891674853,,,,,,,,,326.9396639759924,784.5997968288245,342.7291357149201,794.3573355438922,346.6321512009472,811.920905231014,366.50204822072135,811.7434954361946,431.2064853505709,743.9087577523871,418.20957519676364,729.098325251537,401.13223976210986,720.1818403785761,413.0712618801422,703.8601392551902,574.5464538923648,621.9328873735683,577.45071794089,600.9328242534631,570.0783553561721,584.62426459636,582.3656263307017,569.6561345001148,536.167126864389,422.63887158253607,554.3877698656568,426.34476507431935,575.6966574434106,426.34476507431935,575.2334207569377,447.80806488089746,183.67230039272857,401.83593045667465,188.0746915975066,385.76720255923493,201.9422238925573,372.78014850513983,184.993017754162,361.7741704931948,267.7959483091111,310.8251175914517,280.80954573967153,302.62824128778703,291.8795539435898,293.5018223105109,275.2322896980028,277.95310849737376
labeled-data/00599_WT/img040.png,162.4176607877906,629.2668111694086,173.96572428390604,619.9068018093992,189.1605446735316,609.9389996338048,213.47225729693253,613.585756527315,520.2543060375632,401.4401751995645,536.043777776491,412.9718118628263,543.4949891589063,431.95465990850346,566.9130820750686,440.1155104701964,574.9400194526555,649.6645351824362,565.5865808257876,632.8763120060066,569.6637207400634,615.6084253102506,581.6553087232273,596.9015480565147,774.9364318323599,696.9002215897619,791.7049428093651,692.5175425844083,803.3285697366073,678.2261980017335,822.7647983690451,659.552174413705,946.5942577829203,688.7193959993187,963.5730322204522,681.0119260243865,978.8762697069119,677.772554585647,975.3017908779578,655.8788717583031,907.6131994406826,787.7825285478848,892.5793620130228,798.5453894335958,884.0374089291251,818.1918815265602,871.2244793032787,838.0092126812027,1160.88806474784,486.6729658026605,1148.0028570574373,474.31013139700406,1149.0476036269295,459.3354305676174,1140.1672577862466,441.0523656015057,,,,,1080.4918807503925,828.5203512442895,1062.060974288598,821.594798513191,,,,,,,,,,,,,,,,,,,,,,,,,243.67050576123927,661.5572993391527,259.93307028635206,673.8445703136824,273.6659025520029,689.3843541932346,255.95777673576893,707.8152606550291,,,,,,,,,,,,,,,,,,,,,,,,,,,,,,,,,,,,,,,,,,,,,,,,,,,,,,,,,,,,,,,,,,,,,,,,,,,,,,,,,300.43456999459096,781.8523761803862,318.91804232151713,788.4263946884165,336.4487583429317,783.5673375303071,353.9794743643462,802.7177392710914,,,,,,,,,424.9278245826156,766.2899232714958,428.86040836777926,749.1107414731493,434.24183881063476,732.7594720506269,411.0602922875649,720.547764507224,196.33864846097202,416.25730984821905,190.42498863365827,405.41560016481054,178.1048639934213,401.9659652655442,183.0329138495161,388.16742566847876,258.87130058997377,332.9081513147853,274.0102697478969,321.76418790686967,274.4307966689504,302.84047645946566,287.6773946821331,294.00941111734386,323.0656659322069,214.349552113604,342.21987860056424,219.5850369096217,361.501786020044,227.374416728087,393.1700842983948,222.90510043880363,425.8286441706939,328.739481087849,418.14088639518604,311.4847358583758,425.486966047338,291.49656564205543,430.4412988359986,270.8250391790232,366.16409754504866,48.54283510217381,353.00590458748195,33.79409134753865,339.8477116299153,18.61156101188481,,
labeled-data/00599_WT/img045.png,,,,,,,,,,,,,,,,,,,,,,,,,,,,,,,,,,,,,,,,,,,,,,,,,,,,,,,,,,,,,,,,,,,,,,,,,,,,,,,,,,,,,,,,,,,,,,,,,,,,,,,,,,,,,,,,,,,,,,,,,,,,,,,,,,,,,,,,,,,,,,,,,,,,,,,,,,,,,,,,,,,,,,,,,,,,,,,,,,,,,,,,,,,,,,,,,,,,,,,,,,,,,,,,,,,,,,,,,,,,,,,,,,,,,,,,,,,,,,,,
labeled-data/00599_WT/img058.png,,,,,,,,,,,,,,,,,,,,,,,,,,,,,,,,,,,,,,,,,,,,,,,,,,,,,,,,,,,,,,,,,,,,,,,,,,,,,,,,,,,,,,,,,,,,,,,,,,,,,,,,,,,,,,,,,,,,,,,,,,,,,,,,,,,,,,,,,,,,,,,,,,,,,,,,,,,,,,,,,,,,,,,,,,,,,,,,,,,,,,,,,,,,,,,,,,,,,,,,,,,,,,,,,,,,,,,,,,,,,,,,,,,,,,,,,,,,,,,,
labeled-data/00599_WT/img067.png,,,,,,,,,,,,,,,,,,,,,,,,,,,,,,,,,,,,,,,,,,,,,,,,,,,,,,,,,,,,,,,,,,,,,,,,,,,,,,,,,,,,,,,,,,,,,,,,,,,,,,,,,,,,,,,,,,,,,,,,,,,,,,,,,,,,,,,,,,,,,,,,,,,,,,,,,,,,,,,,,,,,,,,,,,,,,,,,,,,,,,,,,,,,,,,,,,,,,,,,,,,,,,,,,,,,,,,,,,,,,,,,,,,,,,,,,,,,,,,,
labeled-data/00599_WT/img076.png,,,,,,,,,,,,,,,,,,,,,,,,,,,,,,,,,,,,,,,,,,,,,,,,,,,,,,,,,,,,,,,,,,,,,,,,,,,,,,,,,,,,,,,,,,,,,,,,,,,,,,,,,,,,,,,,,,,,,,,,,,,,,,,,,,,,,,,,,,,,,,,,,,,,,,,,,,,,,,,,,,,,,,,,,,,,,,,,,,,,,,,,,,,,,,,,,,,,,,,,,,,,,,,,,,,,,,,,,,,,,,,,,,,,,,,,,,,,,,,,
labeled-data/00599_WT/img090.png,,,,,,,,,,,,,,,,,,,,,,,,,,,,,,,,,,,,,,,,,,,,,,,,,,,,,,,,,,,,,,,,,,,,,,,,,,,,,,,,,,,,,,,,,,,,,,,,,,,,,,,,,,,,,,,,,,,,,,,,,,,,,,,,,,,,,,,,,,,,,,,,,,,,,,,,,,,,,,,,,,,,,,,,,,,,,,,,,,,,,,,,,,,,,,,,,,,,,,,,,,,,,,,,,,,,,,,,,,,,,,,,,,,,,,,,,,,,,,,,
labeled-data/00599_WT/img097.png,,,,,,,,,,,,,,,,,,,,,,,,,,,,,,,,,,,,,,,,,,,,,,,,,,,,,,,,,,,,,,,,,,,,,,,,,,,,,,,,,,,,,,,,,,,,,,,,,,,,,,,,,,,,,,,,,,,,,,,,,,,,,,,,,,,,,,,,,,,,,,,,,,,,,,,,,,,,,,,,,,,,,,,,,,,,,,,,,,,,,,,,,,,,,,,,,,,,,,,,,,,,,,,,,,,,,,,,,,,,,,,,,,,,,,,,,,,,,,,,
labeled-data/00599_WT/img099.png,,,,,,,,,,,,,,,,,,,,,,,,,,,,,,,,,,,,,,,,,,,,,,,,,,,,,,,,,,,,,,,,,,,,,,,,,,,,,,,,,,,,,,,,,,,,,,,,,,,,,,,,,,,,,,,,,,,,,,,,,,,,,,,,,,,,,,,,,,,,,,,,,,,,,,,,,,,,,,,,,,,,,,,,,,,,,,,,,,,,,,,,,,,,,,,,,,,,,,,,,,,,,,,,,,,,,,,,,,,,,,,,,,,,,,,,,,,,,,,,
labeled-data/00599_WT/img102.png,,,,,,,,,,,,,,,,,,,,,,,,,,,,,,,,,,,,,,,,,,,,,,,,,,,,,,,,,,,,,,,,,,,,,,,,,,,,,,,,,,,,,,,,,,,,,,,,,,,,,,,,,,,,,,,,,,,,,,,,,,,,,,,,,,,,,,,,,,,,,,,,,,,,,,,,,,,,,,,,,,,,,,,,,,,,,,,,,,,,,,,,,,,,,,,,,,,,,,,,,,,,,,,,,,,,,,,,,,,,,,,,,,,,,,,,,,,,,,,,
labeled-data/00599_WT/img103.png,,,,,,,,,,,,,,,,,,,,,,,,,,,,,,,,,,,,,,,,,,,,,,,,,,,,,,,,,,,,,,,,,,,,,,,,,,,,,,,,,,,,,,,,,,,,,,,,,,,,,,,,,,,,,,,,,,,,,,,,,,,,,,,,,,,,,,,,,,,,,,,,,,,,,,,,,,,,,,,,,,,,,,,,,,,,,,,,,,,,,,,,,,,,,,,,,,,,,,,,,,,,,,,,,,,,,,,,,,,,,,,,,,,,,,,,,,,,,,,,
labeled-data/00599_WT/img106.png,,,,,,,,,,,,,,,,,,,,,,,,,,,,,,,,,,,,,,,,,,,,,,,,,,,,,,,,,,,,,,,,,,,,,,,,,,,,,,,,,,,,,,,,,,,,,,,,,,,,,,,,,,,,,,,,,,,,,,,,,,,,,,,,,,,,,,,,,,,,,,,,,,,,,,,,,,,,,,,,,,,,,,,,,,,,,,,,,,,,,,,,,,,,,,,,,,,,,,,,,,,,,,,,,,,,,,,,,,,,,,,,,,,,,,,,,,,,,,,,
labeled-data/00599_WT/img113.png,,,,,,,,,,,,,,,,,,,,,,,,,,,,,,,,,,,,,,,,,,,,,,,,,,,,,,,,,,,,,,,,,,,,,,,,,,,,,,,,,,,,,,,,,,,,,,,,,,,,,,,,,,,,,,,,,,,,,,,,,,,,,,,,,,,,,,,,,,,,,,,,,,,,,,,,,,,,,,,,,,,,,,,,,,,,,,,,,,,,,,,,,,,,,,,,,,,,,,,,,,,,,,,,,,,,,,,,,,,,,,,,,,,,,,,,,,,,,,,,
labeled-data/00599_WT/img121.png,,,,,,,,,,,,,,,,,,,,,,,,,,,,,,,,,,,,,,,,,,,,,,,,,,,,,,,,,,,,,,,,,,,,,,,,,,,,,,,,,,,,,,,,,,,,,,,,,,,,,,,,,,,,,,,,,,,,,,,,,,,,,,,,,,,,,,,,,,,,,,,,,,,,,,,,,,,,,,,,,,,,,,,,,,,,,,,,,,,,,,,,,,,,,,,,,,,,,,,,,,,,,,,,,,,,,,,,,,,,,,,,,,,,,,,,,,,,,,,,
labeled-data/00599_WT/img137.png,,,,,,,,,,,,,,,,,,,,,,,,,,,,,,,,,,,,,,,,,,,,,,,,,,,,,,,,,,,,,,,,,,,,,,,,,,,,,,,,,,,,,,,,,,,,,,,,,,,,,,,,,,,,,,,,,,,,,,,,,,,,,,,,,,,,,,,,,,,,,,,,,,,,,,,,,,,,,,,,,,,,,,,,,,,,,,,,,,,,,,,,,,,,,,,,,,,,,,,,,,,,,,,,,,,,,,,,,,,,,,,,,,,,,,,,,,,,,,,,
labeled-data/00599_WT/img148.png,,,,,,,,,,,,,,,,,,,,,,,,,,,,,,,,,,,,,,,,,,,,,,,,,,,,,,,,,,,,,,,,,,,,,,,,,,,,,,,,,,,,,,,,,,,,,,,,,,,,,,,,,,,,,,,,,,,,,,,,,,,,,,,,,,,,,,,,,,,,,,,,,,,,,,,,,,,,,,,,,,,,,,,,,,,,,,,,,,,,,,,,,,,,,,,,,,,,,,,,,,,,,,,,,,,,,,,,,,,,,,,,,,,,,,,,,,,,,,,,
labeled-data/00705/img023.png,118.33097688362685,804.5355325946762,106.2868230353312,780.9597420831187,91.1675660768324,751.233745351155,76.56082630336749,719.7139384715729,760.0499841624796,439.1195844479453,770.3003278631568,411.78533457947293,783.4417941460762,382.3484501057334,798.6858950342628,342.9240512569752,725.5708044955148,195.648558526937,702.5863799666887,175.48297851579713,681.1197947935399,155.75106689199356,650.5461734863278,131.2488030074903,827.082504559735,248.70320930681328,796.9502990228268,244.67143532652278,765.5449017026691,240.21526408514902,727.3491482051801,234.4859010605257,890.1694930675274,783.3849339783002,887.6857559400556,756.6157671599933,884.9260480206425,729.0186879658626,881.6143985173468,688.4509815504903,911.7014031481682,389.03788707028986,883.6310922690892,393.4846689917281,853.6153142993809,398.3483367183012,814.1501247466163,404.60162379532375,1131.1470461488238,569.1160806560468,1102.0964902684818,568.1583700226289,1068.8958549766626,567.998751583726,1031.7047587122686,568.4776069004349,1228.6496143205513,371.0402840766127,1203.2570160953803,361.73612594830576,1174.7630318274403,351.6566213093065,1144.7183545381156,343.3216463193649,752.377631470822,38.06851354780461,732.7179979115747,57.9515520338617,715.0690086936139,75.15373139820323,693.3987307930797,98.16443885959515,1150.834608137697,85.76034287810353,1132.6783583212155,63.51893685291371,1115.202967872852,41.27753082772389,1088.8764056389539,11.319718630529437,831.6742624136444,61.53936945109297,846.7048144747336,36.68885671009234,861.1341444533791,14.243232298865976,,,334.46924613526926,723.2006323057569,309.39532846745897,707.8251167547412,285.0310499789264,692.2130548106329,248.60290544267372,669.5046010737482,,,,,,,,,,,,,,,,,,,,,,,,,,,,,,,,,,,,,,,,,,,,,,,,,,,,,,,,,,,,,,,,,,,,,,,,,,,,,,,,,341.70917723620414,487.144547320223,313.70142722073217,485.51829086771176,282.0797739774573,483.71133925381037,244.8565707310881,481.0009118329582,,,,,,,,,125.54449856538302,371.58131824348044,115.88552084743726,343.98423904934964,105.67460154560887,314.1793935196884,94.63576986795654,279.6830445270249,150.76039827759726,98.6507388193946,135.3257461283084,72.571498980941,120.955552747936,45.693915065800056,101.26306552298124,11.365119768243801,361.85929302689567,246.733117579204,338.0568122219578,230.86479704257877,313.3475702434986,214.99647650595358,279.3440262364445,192.10075687453718,516.2229937015826,535.0537995818796,508.21984073528466,507.6144179831439,497.64424574410526,475.6018061179522,486.7828238612724,441.30257911953254,803.1595836216754,619.6873393224745,781.8901204427704,600.2116862911879,761.1331744488991,579.4547402973167,733.4572464570708,551.2662951204546,757.4216909058957,459.0946131979828,738.2351501328334,436.228461865703,719.048609359771,412.8366518821065,694.8683113991993,385.5024020136341
labeled-data/00705/img101.png,116.53126293228078,790.3547734507721,93.0803163504111,768.2672539957553,76.99187625354699,745.6343636899973,54.631671373159605,719.7292482797924,766.1437872095996,424.31375146029416,741.7992209204913,439.47571818421244,717.8817522855779,454.4241360810333,691.8287953796902,436.91313225904315,737.4201476049491,792.3653520847272,717.1691480629703,774.8346360633127,725.6322523491704,746.1205322351337,747.3945205136849,716.1974135089263,766.7387588821424,711.3613539168119,786.9897584241212,723.7537566216049,802.7069520984928,745.8182785106267,835.0481006207575,747.3295471331624,901.9960685866265,366.9306190332868,889.6956561458139,387.9438236196749,879.7015710376538,411.7758727237493,844.5941438628346,425.10131953462957,779.7887375621667,166.64179424463742,753.177268339255,161.38520773146965,726.5657991163431,175.51228398560804,701.2684765217232,205.08058312217673,805.0860601567866,209.02302300705256,796.872643729962,231.69205234508854,793.5872771592321,254.36108168312455,783.0741041328967,284.9149907909122,1121.2697602787107,591.7314323914886,1103.607629594467,569.6537690361839,1089.730241199704,544.8426806940321,1059.2420394233309,551.36084797036,1101.7508515172385,831.26098934668,1119.3727271721273,852.5108982246342,,,,,1183.8467763552,397.06636668395186,1200.7368458953224,377.94553324230407,1200.0994847806007,350.22032475191486,1211.5719848455894,317.71490790111363,751.6005535719471,37.534707187392414,733.4719008346597,58.515058108073276,719.4171026450774,76.23632539059014,687.2336517182077,99.86468176727925,206.71956577063628,738.3890790842352,201.13444260039552,710.0166533794121,192.1982455280103,685.4421114303527,162.93220011594872,701.9740760142654,1010.2252586063687,12.21075251692001,986.6374090644828,27.1942292699419,963.7913157974989,26.89752675998107,929.8188784069839,27.49093177990273,1084.610373573694,121.49119858509128,1089.5252819635057,95.57622707517419,1112.312584498088,74.35275902825931,1132.865837764574,45.980333323436284,,,,,,,,,,,,,,,,,,,,,,,,,,,,,,,,,,,,,,,,,,,,,,,,,,,,,,,,,,,,,,,,,327.0341199075842,664.5063757877026,333.65741891417554,695.5530898810997,319.1689523372569,717.4927678404338,279.63613639166454,714.59507452505,,,,,,,,,74.43394733549167,437.119453279685,76.61871610502703,408.0932396272867,72.24917856595633,378.1306965022304,84.73357153472978,351.2892516193675,347.06530707109846,469.231480337307,322.6747456500001,481.84728796890965,294.7097053999475,493.2015148373521,275.1552035709634,517.8023397189771,124.43810702024106,96.96593713459289,139.8136225712568,73.9026638080693,153.1193571827127,48.473926550620234,133.60427975257736,27.18475117229076,360.1711796925906,256.9063865801318,340.2224338751189,238.4689093851959,329.0390460683545,211.56832790405983,311.2060763224328,183.76098524940232,442.9276597393479,540.8300653792055,455.05723311848254,516.0584014359024,478.2913455066841,509.05399990710634,512.8008359656305,490.9450593692434,723.4340217901114,428.7982768293404,751.4089181398762,419.61567726415046,771.0554102328407,403.81306405893986,803.7283807787492,402.3182222692578
labeled-data/00705/img106.png,115.23740837061293,796.4874358136908,101.36001997585005,771.7683377355194,76.85775609134677,754.2047680483976,64.49820705226105,717.776623512145,715.7981859478872,423.6374258980437,744.6174215063295,425.42466531252074,768.2983437481503,413.80760911842,798.0111990138312,392.13733121788584,751.5675093549786,37.01916746511351,733.9743713687202,58.13093304862356,720.1068390736694,76.55198341070586,688.6461687923603,97.45677090025993,784.8713491312649,173.4851471041363,758.8512458910844,160.94818827023119,731.2935910958023,164.37811097007315,714.6170703827776,198.44079157540028,744.1061675447426,794.1905703367621,720.2806891738097,780.668001531638,712.8754729233846,755.8766253889105,740.5645423814958,732.6950788658406,760.8483955891819,710.8013960384969,784.6738739601149,720.1384078325111,803.3478975481434,739.7783291923342,832.0028647780491,761.3500460957464,805.4724241935542,205.21416612694264,798.5731543950216,230.28151306161146,792.8237628962443,258.10856791569336,790.7539819566845,290.07518464889483,904.6670666805803,365.984827704905,889.055004736472,387.668247071722,878.2132950530635,410.0021690195436,846.3386685838424,432.9865935483697,1126.7209275550797,592.2576824087881,1103.7233615599707,573.4916685567792,1089.9248219629053,551.4140052014745,1060.4879374891657,535.7756603248005,1174.4984152623674,393.43386828135874,1198.9809669474464,385.27301771966575,1210.7688622032251,361.9239175014887,1196.0339931335018,332.9075599488026,1014.2957623535018,5.42754247229513,993.7950749521475,23.957009931211502,970.403264968551,34.86442694603462,942.674771111591,20.277399371994072,218.56963001803297,740.9930606281958,200.97649203177457,721.5371197963336,193.73225874331524,697.7346389913957,165.7902160592578,678.4856762534896,1088.177006947277,124.32528720366561,1088.9359266251158,98.52201815715334,1103.6083737299953,74.99550814415684,1136.241919877055,55.769542972245745,1099.6943445406105,827.546501948312,1117.092754381035,848.8339681060079,,,,,,,,,,,,,,,,,,,,,,,,,,,,,,,,,,,,,,,,,,,,,,,,,,,,,,,,,,,,,,,,,,,,,330.86116950507954,660.1578645946846,329.1363520554464,690.4653712096674,325.4403146633754,716.3376329541651,287.24792827864076,717.5696454181888,,,,,,,,,71.72279549131069,440.87554717266903,77.09108446788328,414.0341022898061,75.67837684246943,385.77994978152935,77.37362599296604,355.2654650725905,344.6484156545581,461.75753421822225,327.745204648153,481.55843854001114,298.12433964645265,493.9541266113748,273.17198054175935,503.93507025325215,361.3230867062035,257.44347830711473,343.8186536173548,239.45281096579805,331.6627973056544,220.0034408670773,323.15369788746403,192.04497135016624,448.45374651499606,546.0912514055723,449.3079418233858,518.329903882905,473.01186163120167,502.74083950479184,508.46096692937687,507.2253648738381,122.89315517693889,98.96988195636847,139.7310530959179,75.81777231777234,150.25473929527976,52.13947836920812,137.88940801102956,22.936249165978893,769.8621782358177,426.98849980018815,743.5003968722814,437.26512643343113,720.7130943376991,448.6587777007222,686.0853306822064,450.66942204200893
labeled-data/00705/img132.png,106.10020271533078,818.731470132137,102.65056781606445,786.6991460675209,107.08581268654974,761.3196893086329,96.7369079887507,728.0553527799931,764.7268013144821,416.0424117723891,746.1922837618658,436.6951599024473,724.1273819135131,447.63935121923026,683.5279625125439,450.6401778706063,757.5567753231843,810.5447965891982,729.9104156304925,801.1125091646327,724.3811436919542,772.165144309932,709.7448356193527,742.8925281647289,758.532529194691,700.9351116899379,773.1688372672926,719.7996865390688,794.6354224404414,735.7369997736794,829.7625618146851,735.0864971926749,905.8910661355378,365.0132133952774,890.7126725787659,386.5389351666994,875.8102498139353,407.2367445622975,854.5604988344546,437.59353167584135,811.1048451436307,170.8307680369808,787.7163205266047,158.2083896722367,760.6153316846542,161.17836105217648,725.3469215478692,178.2556964868303,798.111220356394,191.24932127406686,794.3987561314693,217.23657084854003,799.9674524688564,240.62509546556586,798.4824667788864,275.89350560235084,749.9786009496431,38.02396397710555,734.9480488885541,60.06877366670288,720.318311549094,78.90706558326787,686.2490602106254,99.54902374716353,1053.8489779585525,7.704274193552962,1027.0931718704392,17.223166744131717,1000.3373657823261,15.67956254674057,967.9216776371118,1.5298574039883448,1069.3422927949075,131.8979257345352,1091.104560959422,112.9742142871312,1110.5013651930112,87.90029661932094,1108.8455404413635,51.70869847616083,1152.0535924805843,411.719890077384,1178.3102421138574,408.8813333602734,1200.7821494576494,391.61344666451726,1194.6319432372431,359.20659081083795,226.47096126088752,764.9390462449431,223.25130202157226,741.711504589883,213.36234864367538,714.3444010557033,182.7755858701804,715.7242550154099,1122.6148665588819,607.8069938513955,1116.543509136173,578.7512118998608,1105.05129687176,556.8509583393756,1064.9369710431486,552.7311086596803,1078.2060587139138,814.7840876046652,1092.8308634454008,839.6019380580976,1119.864593403604,851.5676873838597,1153.1027859751653,847.5791042752724,,,,,,,,,,,,,,,,,,,,,,,,,,,,,,,,,,,,,,,,,,,,,,,,,,,,,,,,,,,,,,,,,340.432492000235,638.1448572534919,342.69939493403865,666.0277633392762,332.49833173192246,688.9234829706926,294.86774303078266,710.4590608418267,,,,,,,,,102.88509535139926,433.9381014145844,73.02768395660632,426.94027061892984,53.9002797818171,405.0137341258788,78.85920961965184,385.6530689245677,133.78748329134424,56.8144866637321,135.83755203147967,82.78202403878083,157.70495192625756,76.1193006333407,140.4502066967844,45.7099476546652,362.72238017990907,278.6187171727713,351.15788985093997,249.70749135034856,345.9538692029039,220.79626552792587,322.2466640285172,197.9563971282119,347.2584685559413,450.10190782058095,328.7914230618687,468.56895331465347,318.4786573963477,486.55633528939944,290.8980050350706,516.7751370069726,427.4052505209051,564.182253841959,443.76637604313976,539.9132509839776,462.3089849683391,519.1891586558137,463.12704124445077,484.2854242083796,698.7086149842106,443.7559284939202,723.0682666247922,425.9274878004511,744.6036108287844,412.8650659062263,786.4386647332614,425.57444937087746
labeled-data/00705/img170.png,97.94283628488607,837.4245488462757,103.83678391277543,806.4172591517273,113.83086902093565,781.3039170850683,105.11807687536007,746.196489910249,677.3707841508824,464.1323942975401,693.4395120483222,440.62888185053873,713.5853798600376,420.0033505194967,751.4787978868358,428.63729386737475,907.3903776664393,362.2660555761644,890.7664228185463,383.72607001617183,875.6537365931889,407.3018605277293,857.8207668472672,436.01596435590824,852.8932459351902,167.2595088672661,827.2673866834973,160.42594640014804,797.8830680748895,149.83392457611498,772.9405650699084,169.65125573075744,813.941939872617,166.2344744971984,798.5664243216013,186.39348377519678,787.6327243742123,207.5775274232629,805.7416649120753,245.84547723912422,751.070582877006,38.831375665528086,735.6556429271416,60.72505849287184,720.0172980504674,79.04426249126149,689.1874181507385,104.73582907436895,1052.3284585680162,138.7783375289519,1078.039737350548,131.00516022260507,1102.8541110592707,109.18047009324661,1104.9468895648256,69.11871012976675,786.855700683886,771.4380269804982,773.8456490637957,797.7472424789029,744.6453109831488,802.0839263522662,709.6627277380172,798.6145792535755,744.0670864667003,700.027299199114,765.1722813170688,710.7244527534104,788.5903742332313,718.2413714672404,819.5253858632236,731.5405353455549,1059.1154027993102,797.5738415241892,1078.5963638014218,820.5513852702696,1100.3251279960848,839.0333226312473,1130.5455931403862,853.5191654276894,1270.4293716658406,812.2287414503983,,,,,,,250.40696593399298,801.3828291260724,233.45775979559764,779.1211852428069,232.95181334370523,749.7762910330478,239.78209044425262,715.1189590784185,1136.6344061944271,623.8694138450194,1126.357779561184,596.6140127742444,1114.9641282938928,576.2841644345681,1076.0916710290173,559.0819850702266,1115.1312910303782,442.26584859807053,1135.2771588420937,424.0386348636613,1161.178988885728,416.6038503140996,1198.8325751528628,415.16485975611994,1092.8338143745232,28.51282512173661,1067.9521165455294,19.953521068562807,1036.7007040723136,16.17150299855578,,,,,,,,,,,,,,,,,,,,,,,,,,,,,,,,,,,,,,,,,,,,,,,,,,,,,,,,,,,349.88147237234637,612.9973473744973,353.8469098232173,642.3882367162466,344.28320773582266,666.6473834745159,312.32644710233336,695.3384897366998,,,,,,,,,130.24373906665934,430.54780023558556,101.76946699814368,439.06347038691734,74.09353900631541,440.92627323252117,67.97290108504569,405.53301916604846,357.112294794464,434.34910077258274,339.282610415113,455.3721614586831,329.70248149486474,480.1208278359911,302.02655350303644,504.3372648288409,424.30024728954163,587.6790641411561,430.3321803134017,560.8704729240004,446.7524424339095,536.7427408285604,450.103516336054,502.22667963647257,376.42815088111684,292.8135376855981,362.52447955378807,267.4242248269978,343.18024118533066,236.29209120276167,312.3503612856017,229.34025553909729,111.86502886625728,28.056161801511124,129.3431790225401,52.275884160931625,152.31446208508325,69.75403431721446,167.79510936636234,102.96251961415183,767.5475257842754,418.0846964421904,748.6008167708765,435.59241489760984,725.097304323875,454.7789556706722,692.4801850096691,454.29929215134564
labeled-data/00706/img050.png,250.8649115376037,749.4672694534049,267.79112011000393,723.1711954212832,285.0195824069113,699.5954049097257,301.9457909793115,675.1128532246469,490.49738250738596,380.51383570530646,493.2965148256478,351.8227294431226,501.4606507539115,321.9653180483297,539.0156760239245,326.86379960528797,600.0611264832042,235.06940917979887,616.8362081933509,257.4361847933277,633.6112899034975,278.83049190192054,657.6798854006645,312.38065532221384,707.0563687170288,132.10744987765852,679.166332780711,139.82171513664008,649.4960817846279,148.42608792550413,611.221457999681,157.9205682442507,757.9859887534508,32.46150983620281,738.2639332293595,53.090326533815585,722.168922399354,72.58569176452656,697.9130610076554,98.65507550326797,974.2842569997711,347.56653705074206,952.272300975881,330.39721135210783,927.839029789363,329.2966135509133,896.8021717956781,359.0127541831649,880.6749906562121,609.7566617891293,887.9487922438079,580.1226553211461,897.1083942430029,546.7170480299649,905.9985961833978,513.042040679984,842.0842404333102,816.40555938643,839.0827952416229,846.7731225023258,,,,,952.9054354665093,804.2962922009956,977.8742214040561,818.0291244666464,991.7318975993946,835.5072746229292,1023.6919435994547,844.995413279197,,,,,,,,,,,,,,,,,331.4073846950294,628.6375320564509,353.813584707407,647.4298288410257,377.30395568812554,661.5240514294569,367.00433148888743,694.5912659638528,,,,,,,,,,,,,,,,,,,,,,,,,,,,,,,,,,,,,,,,,,,,,,,,,,,,,,,,,,,,,,,,,,,,,,,,,,,,,,,,,28.34672487761282,355.28530868667764,52.264193512526184,370.2337265834985,76.60875980163442,387.53118157839117,112.69851158110188,413.5841384842789,,,,,,,,,1.8667274582683007,50.53096026788562,2.0999884847901313,74.09032394658941,17.728477261752047,93.68425017442226,35.223054250888524,79.45532755659126,121.93997013108981,209.4806088630238,146.1531217573688,197.37403304988428,176.74974063057596,179.10410955005557,209.9877942266499,162.37502297189914,228.65065578175438,408.66509053258795,255.45924699891003,420.0587417998791,280.257193874779,437.6518797861375,313.76793289622356,458.93119906475476,327.4892039569118,473.34186816127857,333.04147346144526,498.754178585874,341.79697537244033,521.3903542582027,314.6762743310654,543.1723346221416,516.9703850281245,670.4853487024424,514.6443454960478,696.6532934383057,528.7944193161813,721.0767085251115,509.79842980422126,745.3062869842441,293.4569491313962,274.98096218366493,308.6353426881682,298.4384794986761,323.583760584989,322.35594813358944,345.6614239402936,355.93239448644863
labeled-data/00706/img070.png,51.9794376503748,346.0102589061874,41.630532952575756,372.03036214636785,58.927987947468445,392.5803300462831,102.68907066959011,390.51054910672326,757.8408675412885,32.37576176870671,738.6179398486776,54.980500814647485,717.7356446542469,76.04127716458606,693.6406886606733,104.77674320136666,996.9641379035902,321.0593453627853,969.2290733134887,330.08424733258016,950.2987911329433,349.0145295131256,914.8595419344804,342.4109427059586,867.446816978758,568.7553526937521,889.3569266389553,590.4781964594179,910.8925045100896,581.3021676273694,892.1659150569294,549.0924337679339,246.95156863027455,841.9336120216382,271.05207504063713,849.7924728076259,300.5664633257913,848.0460592996287,,,823.8694191016056,775.0309669412864,819.5785332382382,802.5829709060667,813.7067946883669,825.1665807132638,841.4846347512191,850.9118958934683,898.4316856891442,775.8682754655026,925.4291854841167,784.7234553982537,940.5477853693014,809.5611552096284,964.7375451855969,833.9668950242836,,,,,,,,,,,,,,,,,,,,,,,,,,,,,,,,,164.1237615040703,213.64205128350446,137.90653626964607,198.28624793191312,143.5245131055941,173.3798839592101,179.66683075019324,183.6795081584482,,,,,,,,,,,,,,,,,,,,,,,,,,,,,,,,,,,,,,,,,,,,,,,,,,,,,,,,,,,,,,,,,,,,,,,,,,,,,,,,,341.0895143911992,294.05580049332247,314.30063537346797,294.94284946741953,290.1729032780279,297.6039963897107,293.3662795847773,326.3443831504555,,,,,,,,,209.46761500598876,430.5616063274628,239.49466015961954,429.46305589501293,264.1510143101619,417.5010622972251,302.3561571275864,412.4965547716199,306.6035422288493,599.9531279420713,331.62489403152784,603.264777445367,347.44721943616287,626.8142850243587,338.06421251015837,661.5866048089636,244.31358998452708,722.7401553272035,271.5483146427722,730.6948521333245,292.31142156044416,712.2237764987723,286.37129951624263,676.0430331386358,500.7513220417747,630.5205727601306,520.788772756656,649.6216940023539,538.2045009480951,670.4082082953618,519.1033797058717,699.2471560532284,600.5424244723997,234.9978538958884,617.9285843647021,256.93753185522235,635.7287004449165,280.7400126601602,657.6683784042505,310.95881437773335,700.7403981979271,155.24873434332898,682.3094917361326,135.01087626763305,653.7596562364901,134.2880956220725,629.3658094488209,166.27113918812762
labeled-data/00706/img089.png,78.9472935827797,346.41061367649655,56.09756908335355,365.84355694236365,36.87817464458388,381.00552366628193,45.847225382676385,408.98042001604665,476.68368258627976,461.4308373664288,462.6485965961218,438.0390273828323,471.7129229647655,411.1384459016962,470.2509348407907,373.12675467835174,839.9160939759395,571.3360738423921,868.3016611470454,574.8842697387803,900.3832657102224,580.5022465747284,925.8120029676714,598.2432260566695,814.6790775700917,741.8931196539129,810.6577888875183,763.6553878184275,813.969438390814,787.0734807345899,836.6778921276988,819.7168829813617,872.3963974846738,744.2585835848384,894.395212042281,760.1071919220392,905.7494389107233,786.6003879484048,936.7370164058473,808.5992025060119,605.7634436070729,231.73699615977617,616.7858484518716,258.29918488412704,629.6152049105717,282.87372683318637,661.0561629924564,305.64131716834424,687.886094308172,171.3638516167474,679.1733021625964,141.6378548847837,668.9229584619193,119.77045499000582,639.0261226682776,134.46261429430973,746.6577688467823,27.20091517581872,743.2409876132233,55.81645800687576,728.5061185435,76.31714540823006,692.6299155911299,91.69266095924579,1016.908889513767,327.5222310779076,987.2987301652711,326.83681072261834,958.9223274562958,326.1513903673291,937.1259601580973,353.97945679207294,,,,,,,,,,,,,,,,,173.7888845001867,228.38979899018517,155.82778545800656,204.1306522319159,139.03299154843555,185.93629216321395,144.86451721148103,150.94713818494097,,,,,,,,,,,,,,,,,,,,,,,,,,,,,,,,,,,,,,,,,,,,,,,,,,,,,,,,,,,,,,,,,,,,,,,,,,,,,,,,,182.20127915336752,443.29094867546956,209.729365649513,434.2759028053868,231.1400995909595,415.7628621793241,265.7514364135985,421.23628288616004,,,,,,,,,298.4788931213992,605.856603133016,317.79684855729073,595.5536935672072,336.95382103121653,613.5837853073728,358.04258904873154,647.5511902821487,240.15989347704752,711.1979534766278,264.9138965549188,721.8905110191403,293.76915458060296,729.067707177813,306.36586620602856,701.8236564530553,217.98466711945292,834.0330966355328,248.09058256054163,833.0922867779988,270.67001914135824,841.8731787816497,,,505.79308007756583,594.5480428599067,509.0948734811493,622.5032270102471,506.6735583185214,650.0181720401097,535.9494598302952,673.5709649856719,340.7097605119718,406.39549359819625,354.5083001090371,427.5532543136965,347.83900597045556,450.7807959687566,337.9500525925587,487.11695024102886,356.70332935597514,279.53402316952554,328.9409881707795,288.3543503169054,307.68544570086414,301.0787566934534,276.5974073945253,308.0193419897523
labeled-data/00706/img127.png,94.02467690165125,319.68875613680814,75.88945343122245,341.9635414863566,54.206034064405394,361.4786189164919,60.51393788020672,400.5087737767626,371.4816487636774,256.3087126935846,352.551366583132,276.3395926753245,339.12407340855907,298.5716682594535,306.106139372724,312.2190809942653,591.2803666740135,225.80487257233497,610.2040781214174,248.86814589885853,628.9306675745776,267.79185734626253,646.2774030680312,297.36015648283126,803.3517775660631,557.2742449683483,828.0577341779516,570.678540576926,854.8663253951073,576.8550297298982,889.2969670563563,557.5370742940066,800.2601507046927,690.3609622600496,808.0793231430298,711.3051741484525,810.592628569638,730.5738490857831,786.0180866205787,754.0313664007942,852.2017961879317,705.9993071367237,868.1193972231179,729.1775682932229,878.1726189295512,754.5898787178184,887.1088160019365,796.4783024946239,675.7474467465692,184.62004290031672,688.9283374283373,157.58804675635147,689.151742355147,131.67307524643437,653.1835491387965,125.64114222257436,746.1016170656394,19.962792669180956,739.9809791443697,49.20584051524739,734.3137218098607,71.87486985328337,738.847527677468,109.73214884780349,1033.0944245358073,329.8456640122137,1007.6361189792216,319.3390617190197,984.4677139224347,318.2614614838203,961.7034089538475,349.7812683634025,1055.8018000164645,851.6857075585647,,,,,,,,,,,,,,,191.14747359622748,238.30667798393324,167.42712695555792,216.33414635889199,144.70553175239024,199.35537192136007,144.9552196117657,164.39907160879443,,,,,,,,,,,,,,,,,,,,,,,,,,,,,,,,,,,,,,,,,,,,,,,,,,,,,,,,,,,,,,,,,,,,,,,,,,,,,,,,,134.81781038695743,447.71338061632906,164.9906169725404,444.6152799401308,191.66122279372541,437.07207829373505,218.73592870311012,410.53617250195003,,,,,,,,,235.72085498954578,696.974733703586,252.14768784319506,717.3440064421111,270.05293565367276,733.7708392957603,300.9353814185333,714.5514448569907,214.6740599767774,807.3090792078373,225.92997671541798,834.4066565416016,244.55087601144066,849.4145455264558,278.1796642923175,832.3222275159275,481.3780180352661,574.8310468003343,490.5540468673146,597.5296444375069,502.46678605278106,617.3305487592958,534.9853443698652,628.1164072110018,332.72343519324914,390.2866842285937,354.3148642960858,405.56363878248754,352.27793702223323,430.2104587961029,343.11176428989694,463.20868063251356,299.9947973961663,656.4649811545214,303.779539685647,627.3697748041377,303.06990050636944,599.930393205402,325.3052614570691,596.3821973090137,498.47732764422824,488.65305623483937,475.1282274260511,469.38438129750875,466.7406865709778,440.3680237448227,459.7132874761866,413.1651885391795
labeled-data/00706/img196.png,94.64253608040902,275.84889032432045,91.26846461226945,305.4369016603135,92.04709648953242,332.68901736451767,78.29126665788651,368.5060837186145,570.9699808459021,207.26081808584453,591.9437610334415,228.60913006244715,615.726529638955,243.2158698359121,624.7152925764719,276.9237308516004,660.6343054979418,223.7304264122447,677.8956214605564,200.87741654624782,684.4597838688748,173.40518128180474,689.565243519789,134.02020683189525,740.0286859523432,-0.27972799875220744,739.2128637254996,27.866138827353296,743.6998859731395,56.21596121016972,729.6269525600868,85.58556137654068,765.7613031716581,560.3041055323048,794.5489580938071,565.0363227797812,822.7450858600214,560.3041055323048,857.6451880601608,570.3600671831924,855.0956406963775,654.3630693298999,826.6706491264227,656.0188940815476,812.8721095293573,673.9569955577327,813.7000219051813,712.8688772214572,858.9592317835558,669.5414628866718,857.5793778238492,700.174220792157,851.7839911930818,723.6317381071682,878.001216427506,757.0242039320665,1066.2024351095954,321.38006284741994,1036.5355749759046,321.2387920848785,1009.411588567959,325.61818572366144,976.9193131834409,314.4577954828921,1106.241149869265,806.8793104779417,1080.1435119780153,820.4873645212361,1061.6887537549173,837.2644174513252,,,199.87445740582507,783.4322952533504,211.32003840716214,806.5394116145403,226.0049347862361,830.5103454097934,224.70920863514135,861.6077730360678,,,,,,,,,100.83711792477246,458.9724222353329,132.35894281212995,453.6223877361025,154.3374629170765,441.9101500485981,193.95663731678272,438.72904845446106,,,,,,,,,,,,,,,,,,,,,,,,,,,,,,,,,,,,,,,,,,,,,,,,,,,,,,,,,,,,,,,,,,,,,,,,,,,,,,,,,236.43228469360446,683.8351072259462,216.6050974392498,698.7638129233427,223.36966720838254,714.8588237533482,264.42360787622283,719.057522230741,,,,,,,,,265.8231740353537,739.3512315381394,272.3544827779647,710.6601252759555,287.5164495018829,685.0014123585554,286.35014436927383,650.2455194068043,274.6673209041714,396.401770630129,301.7066844543358,398.7152990622286,329.17983458551896,406.37886199355864,358.9665131488017,392.4976914009609,450.0187226675466,567.0594464699415,472.82902276812405,577.6810365931111,497.55469157943696,587.7802534315347,504.17141985288686,624.1722589355093,542.4081816838924,524.5830734916378,517.1272859221261,509.7890678236413,498.400696468966,490.3134147923547,468.9999510275045,470.8377617610681,210.59513694701474,250.34288124512773,181.88103311883583,235.61129754197506,161.40662865004737,218.63252310444318,132.94221268124386,190.9171707137661,388.97789636171524,221.35142677104773,376.210961867859,244.90421971661004,365.42510341615287,269.337490903128,334.8284845429458,286.5068166017622
labeled-data/00710/img046.png,22.584871273820873,527.8549395433054,53.91703189848189,533.1880732666519,78.58277536895972,522.3884774768751,102.84853381018655,549.1874744366916,939.4684126788372,492.41296115304544,951.512566527133,521.8826992924922,940.493447048905,543.4084210639143,922.55534557272,576.9782966836319,1068.9162201750828,233.2368317066458,1075.749782642201,200.908824650664,1082.3205157836605,171.20911085126608,1090.4682248790707,130.20773604855748,720.6882305098163,48.64670423040471,697.6205492923553,70.9350718932217,674.3970053639656,66.88264140907316,643.5361886000651,84.80685316588405,1171.333215088138,372.4360771529361,1206.874548374177,365.76237701625627,1231.5517186470163,356.9158442769365,1268.0242659056153,343.87884866109687,1270.364479105335,512.8196870704769,1258.970827838044,532.702725556534,1266.790000276381,554.8198133106873,1258.0772081308055,592.7986508683244,,,,,,,,,,,,,,,,,,,,,,,,,,,,,,,,,,,,,,,,,432.9171770044601,852.934139258034,459.5978685330896,836.9535167278652,486.8344078018989,821.6677038729213,520.7411199528656,800.6844516811345,,,,,,,,,,,,,,,,,,,,,,,,,,,,,,,,,,,,,,,,,,,,,,,,,,,,,,,,,,,,,,,,,,,,,,,,,,,,,,,,,685.6070262125407,790.3750481412231,710.3610292904119,771.6264540940781,744.196382609869,749.0695518811066,768.5328072188373,732.0927397587631,,,,,,,,,884.631695602738,765.0269626543759,912.1696381985956,752.6674136152901,917.8073272339681,729.2493206991277,934.9372285337536,703.6628858462835,768.6295612643453,535.4027055116911,740.2932745918002,543.1101754866233,725.3317152286966,561.0187086636718,730.7722822698252,598.8759876581919,825.3470045033748,418.81647899215466,806.5547077188,392.50726349375,818.4083103059934,364.4633744459999,821.2994328882357,331.7936892666622,285.6820815039487,198.88431606244876,304.0472806343287,223.44243117865443,328.60539575053434,231.1301889541623,353.80415734803233,261.6676712290963,364.7654912740895,9.155188812983013,393.48742095669013,5.052056001182933,425.44866601702756,-0.1308486031961138,,,472.1894243187678,227.38874779608378,455.926859793655,250.80684071224618,468.28640883274073,273.5744310474041,488.77724013438285,304.79855493562064
labeled-data/00710/img087.png,227.4447199317694,172.21989264728512,253.74983866298015,184.79219204087852,273.4786777113883,196.01055149977722,318.3521155469831,187.8869118916092,872.2219083807361,530.2087380853616,849.3294741158903,525.4252443583789,832.7932217122474,508.20708463912183,836.7141887770287,467.4631225311768,817.0249722150388,440.50541777481055,811.6435417721833,468.95012154418964,797.0368019987184,490.9883605006455,779.0987005225334,516.8704783448553,917.7743832206802,393.7472922522064,933.2287475693934,411.09402774566,942.0598129115152,435.3794574364951,943.6367888654655,471.3345091865626,1094.344129520156,223.01066830392915,1070.0751266621744,202.54283456828216,1059.548812169556,170.96389109042676,1087.034188900282,161.60716709698812,1171.8021414225702,370.20840063833225,1202.9060633284666,367.89782358246566,1228.8556210328145,359.89967223523513,1266.3580640164953,342.8369493611434,,,,,,,,,,,,,,,,,,,,,,,,,,,,,,,,,,,,,,,,,1.6139644957826818,825.9949530404076,8.980413420673173,799.9668335057946,13.15473447811111,774.920907161167,,,,,,,,,,,,,,,,,,,,,,,,,,,,,,,,,,,,,,,,,,,,,,,,,,,,,,,,,,,,,,,,,,,,,,,,,,,,,,,,,,,449.3328991105403,159.85836647138868,469.66274745021667,175.40472108408235,480.4256083359277,199.32218971899573,464.879253723234,242.07466490390334,,,,,,,,,,,390.7232722342589,3.0294900747902886,402.86929650278194,33.57858141683316,429.00165174718006,18.30403574581173,810.691076926866,21.933903016037746,783.1540794201217,4.723279574322532,758.5296489573599,1.016376063799271,739.9951314047436,38.08541116903203,722.0751761069415,818.4515569003108,711.1940420246842,788.301747880723,709.833900264402,758.6053194478959,706.4335458636966,727.7754395481669,,,,,446.6234826910214,858.0154219114198,444.18977096374783,826.106757042721,,,,,,,,,810.5487705686021,830.0938420813816,835.6487083396526,819.4031278455637,851.9171865245926,789.8874602814582,880.5032267638445,772.2245411092374
labeled-data/00710/img165.png,175.8595279400173,180.8106679124407,208.68459043441794,179.0266971247015,245.25599158307082,182.23784454263202,277.1890686836019,160.83019508976204,1097.612371117636,243.37291035799285,1082.1711482352057,216.5051825425641,1074.7593612516391,189.94627918478395,1056.5387182503714,158.13736004697748,1166.3485808879632,350.1143388263431,1192.7136476180701,367.3625133226749,1223.267556725858,379.4362354701071,1260.2279306465687,367.8553183082843,1243.4407456459755,94.7144097163403,1266.5545579015227,70.93063188816899,,,,,,,,,,,,,,,,,,,,,,,,,,,,,,,,,,,,,,,,,,,,,,,,,,,,,,,,,,,,,427.72521894196166,136.52267054882014,450.79177763505595,154.74331355008792,470.36927703003516,175.4838327111055,501.57697408539804,198.35655477652674,,,,,,,,,,,,,,,,,,,,,,,,,,,,,,,,,,,,,,,,,,,,,,,,,,,,,,,,,,,,,,,,,,,,,,,,,,,,,,,,,,,,,1.8985698500851456,833.6631780821081,28.606969261844256,808.2513029136383,,,,,,,,,,,731.2916565795126,844.2143288045577,721.015984842135,817.4434998045476,714.5260869027387,779.5857618247354,,,804.0325959835803,848.8113398449634,791.8640373472122,825.0150474005101,825.1247642866185,814.1985508348494,955.8946245982047,578.8757272928913,925.7382448454754,573.1526187266799,899.5440171770463,559.9454451123459,866.0858440207334,570.0709448833353,878.2108014598361,378.34654508592735,854.3590401563374,392.8744360616948,836.7954704692156,410.0043373614802,830.5072788528386,451.8533367394371,896.0908028709009,350.87450694347854,913.8153555199885,375.4161952268306,923.9047162586999,403.23010861462956,943.8107523107522,436.2250450844695,882.0122393790723,37.17572288308983,851.3654991097005,19.373572285440062,828.3804439076716,2.472796401595332,794.5788921399823,17.120135500927432
labeled-data/00710/img181.png,167.51262371709794,184.95022144916004,201.0287401587491,179.76731684478096,230.74405989052232,172.16572342502502,266.1605746871125,188.05996421178745,,,735.6301930554091,851.9696316512037,729.7149214960633,823.5199922467317,706.898874052873,787.7466832925937,,,814.218800915287,857.3215440144212,801.5432190024035,831.6887005905901,777.6004531669569,798.4505080190288,,,,,,,,,,,,,,,,,,,,,,,,,,,,,,,,,,,,,,,,,,,,,,,,,,,,,,,,,,,,,,,,,425.3421717291495,134.33238236344596,447.5019692487224,153.22652551171336,469.4285057417734,169.78805839476257,491.3550422348245,203.61090724042643,,,,,,,,,,,,,,,,,,,,,,,,,,,,,,,,,,,,,,,,,,,,,,,,,,,,,,,,,,,,,,,,,,,,,,,,,,,,,,,,,897.8046731111058,21.200022145009157,866.6058408295283,27.599782613025027,834.0737251171143,22.799962262013125,,,,,,,,,,,882.2924094726479,369.57520770806144,863.6808078494632,388.8635948448164,847.0995627669897,405.7832326840752,816.982607413109,433.1930459836744,893.797763203344,344.5341437059585,906.6566879611805,370.590385978417,925.2682895843652,393.9394861965941,935.4200722879204,431.5010821997485,966.9613066963789,579.853430619977,934.9399699884544,575.9887865345379,903.4707252927356,574.332510497921,876.2341860239262,548.0161245827877,1162.1694841970375,351.4076562305766,1191.1956978494359,364.14173705872554,1216.6638595057336,372.00690462905277,1254.3043043065854,390.92075997674453,1099.310266630905,244.50044816506738,1087.1215566534975,219.66307689034969,1073.323017056432,201.72497541416465,1065.2738689581438,162.16916190257717,1242.7661498292246,102.01679399310154,1261.6602929774922,76.73589823133531,,,,
labeled-data/00710/img223.png,149.68344529134822,184.8609773045048,183.89061568024997,181.32871514478126,208.61645079831482,176.68100177672397,252.11904792333112,177.23872738089085,,,735.7476266211736,860.8898513262667,737.1522688835198,831.0412032514098,720.9988828665385,796.2763072583411,,,,,810.8959876566956,847.5457498339777,770.1613620486556,827.1784370299578,,,,,,,14.041073123632387,820.0803687793264,,,,,,,,,,,,,,,,,,,,,,,,,,,,,,,,,,,,,,,,,,,,,,,,,,,,,,,,,420.9430379653264,130.7449591902032,444.20671865266456,149.69166820360226,465.07208174336984,167.19938665902168,491.93323882565716,199.33684245390114,,,,,,,,,,,,,,,,,,,,,,,,,,,,,,,,,,,,,,,,,,,,,,,,,,,,,,,,,,,,,,,,,,,,,,,,,,,,,,,,,896.7419592398529,360.28524236334,873.0873199305979,378.0262218452812,852.6851935263655,392.8103714135656,816.9075515711174,407.29883799048423,,,,,,,,,887.2801035161509,330.71694322677126,902.0642530844353,355.84999749285464,915.6656706872569,379.8003197934753,938.1375780310491,416.76069371418623,986.4565305225833,589.6711843298808,954.7206291406972,582.1597283815055,924.6748053471954,583.8498059698899,890.6854671807965,552.1139045880037,1158.5739938061802,348.9185968092603,1188.5858174297975,364.2349757620029,1211.9743420468233,370.4443185806823,1254.4048513077994,380.58624518452535,1104.164132909833,253.04562090820428,1091.6797399410596,227.14050549799938,1079.8195666207248,206.22914727530386,1061.7171968160033,170.64862731429952,930.68381361723,32.460899127238534,897.1564299916563,32.24870049669693,868.9340121296227,29.91451556073926,,,1232.128551757439,107.82643911478597,1255.58606907245,84.59232672658443,1275.4691075585072,60.91140448476362,,
labeled-data/WT_00590/img002.png,,,,,,,,,,,,,,,,,,,,,,,,,,,,,,,,,,,,,,,,,,,,,,,,,,,,,,,,,,,,,,,,,,,,,,,,,,,,,,,,,,,,,,,,,,,,,,,,,,,,,,,,,,,,,,,,,,,,,,,,,,,,,,,,,,,,,,,,,,,,,,,,,,,,,,,,,,,,,,,,,,,,,,,,,,,,,,,,,,,,,,,,,,,,,,,,,,,,,,,,,,,,,,,,,,,,,,,,,,,,,,,,,,,,,,,,,,,,,,,,
labeled-data/WT_00590/img009.png,,,,,,,,,1122.1659392865076,595.8689573433344,1108.9259120064662,587.3270042594368,1092.269103492866,572.3785863626159,1068.7787325121476,551.8778989612616,1207.5854701254839,691.5388318829878,1210.1480560506534,673.1736327526079,1214.419032592602,651.8187500428638,1219.9713020971353,623.6303048660017,1007.8806110313654,109.76204568359714,1020.0528941759196,96.02921341794635,1038.7794836290798,78.86317308588286,1055.0091944884853,62.00924257803871,,,,,,,,,,,543.5662884497075,858.0220069544682,565.7401064093117,842.3155525664152,585.6041516647906,825.685189096712,,,,,594.3812879404672,860.3317796585936,617.4790149817217,843.2394616480653,,,,,,,,,,,,,,,,,,,,,,,,,,,,,,,,,382.8143285554657,425.7542532868964,401.60662534004047,429.17103452045546,426.3782892833436,433.4420110624043,450.295757918257,436.8587922959633,,,,,,,,,,,,,,,,,,,,,,,,,,,,,,,,,,,,,,,,,,,,,,,,,,,,,,,,,,,,,,,,,,,,,,,,,,,,,,,,,520.3397732062175,547.0499870782427,510.08942950554035,534.2370574523962,494.0701942889883,518.996162362408,472.84833548357915,495.64595856549863,,,,,,,,,776.491215135125,467.52571801378406,764.26965149201,475.4105977835357,746.5286720100687,487.2379174381632,724.8452526432517,500.642213046741,866.7639387528822,712.7964677422383,850.4290961632133,719.4789033471028,830.3817893486198,729.8738031768921,808.1070039990714,739.1549637392039,906.5274646378541,428.96747320773295,902.151356365642,445.3778792285286,896.6976478582304,463.4046856021232,890.7708465646338,489.8058913645084,900.3542608514529,492.7364383455995,905.0030545490355,505.6840680008459,911.6279584571968,523.74707911405,919.7099602211922,551.7646852292343,1080.6959923620154,370.40528842582205,1093.2723755947693,382.2194666141666,1106.6109638719324,395.9391574135345,1129.4771152042122,419.5675137902236,1114.2330143160257,400.5123876799904,1118.8062445824817,382.6005691363713,1124.5227824155518,362.02103293731943,1131.001525293031,334.20054881637907
labeled-data/WT_00590/img025.png,29.880662529486685,496.6489156873503,23.730456309080395,511.7681726458491,36.54338593492682,528.1687225669325,63.96305533423818,526.8874296043479,1107.8449344144324,378.27492409468545,1092.2492993031776,378.93856814197284,1085.6128588303034,397.1887794423772,1113.1540867927317,397.85242348966466,1020.2441879298669,80.1821820566995,1017.701314204122,96.56959051150002,1033.523639608757,104.19821168873474,1036.3490548595846,79.61709900653398,1195.347390944618,669.7501493712447,1210.0724039146291,677.6580267069914,1226.4335294368639,665.3871825653155,1211.7085164668524,645.7538319386338,571.1662614665904,858.7435153844847,546.1193116067325,860.1350125989212,544.2639819874838,840.6540515968095,570.2385966569661,841.1178840016216,,,,,,,,,,,,,,,,,,,,,,,,,,,,,,,,,,,,,,,,,,,,,,,,,404.1793745466963,446.4259768719229,398.65995870787015,429.8677293554444,407.28404595603604,414.34437230874585,424.53222045236777,432.97240076478414,,,,,,,,,,,,,,,,,,,,,,,,,,,,,,,,,,,,,,,,,,,,,,,,,,,,,,,,,,,,,,,,,,,,,,,,,,,,,,,,,492.5544802892995,533.7585109577036,507.7427299457836,537.0603043612871,506.2018930241113,520.9915764638474,488.59232820499926,518.1300221807417,,,,,,,,,851.8408231067058,739.4512380965523,854.4724017298604,720.737790109675,845.1156777364217,709.0418851178767,828.7414107479042,728.340128354344,762.3119721878934,494.38832065736244,765.5316314272087,477.6460926129231,755.872653709263,464.76745565566205,740.4182893605497,484.0854110915536,921.039907820006,509.15413788018225,905.5132654067368,504.5874783468678,894.5532825267819,513.2641314601652,914.1899185200342,527.4207760134402,916.4732482866914,458.4642170603913,905.0565994534052,442.937574647122,891.3566208534617,442.0242427404591,891.8132868067931,464.4008744537001,1091.061995750132,589.9959046468348,1109.9002876666968,589.3782557315376,1113.9150056161288,570.8487882726212,1086.4296288854027,571.1576127302698,1144.6771790388848,385.9068306384909,1131.0724760694925,379.6022121892603,1115.8086629818815,381.9249663547663,1101.2084939415581,361.68382291249964
labeled-data/WT_00590/img026.png,36.410915026745144,497.5242030491241,23.479712204352424,510.7248059303166,32.90871426234712,528.2358097523067,60.926320377531326,523.6560087527093,1148.0306216903266,389.8381659843578,1134.9680042051048,379.53525641854895,1117.8578151047436,379.7192369465098,1099.6437428366173,364.44885312575747,1111.2345160981522,379.35127589058806,1091.9165606622607,380.08719800243153,1084.1893784879042,395.72554287910566,1108.2908276507783,399.4051534383231,1023.3567047945777,78.56972414378531,1018.4483671379071,94.11279338990825,1030.9918967049537,105.56558125547254,1038.0817177645888,83.75074722582629,574.5123691808316,857.2530824587775,547.9218151235825,859.9572066001926,543.1895978761061,843.7324617517017,568.4280898626474,842.8310870378967,,,,,,,,,,,,,,,,,,,,,,,,,,,,,,,,,,,,,,,,,,,,,,,,,405.6242902632863,448.3326722149116,400.0030280607675,431.0812123520092,405.0427803802671,413.0544059784145,423.0695867538618,428.9490094476055,,,,,,,,,,,,,,,,,,,,,,,,,,,,,,,,,,,,,,,,,,,,,,,,,,,,,,,,,,,,,,,,,,,,,,,,,,,,,,,,,490.29885437624984,529.9085212881282,507.6850142685522,536.1178641068076,508.71990473833216,522.4573099057129,485.9523144031742,517.2828575568134,,,,,,,,,762.8727481224848,497.14402042955925,764.5679972729814,478.77882129917936,754.113960844919,465.49936962028926,738.291635440284,482.45186112525533,917.6180973541938,457.4788346624054,906.8786733902741,447.93268002781014,892.0821337066515,439.34114085667443,888.7409795845431,460.8199887845137,922.6298285373563,511.4146083478686,906.1627117926794,504.01633850605725,893.9913646335705,510.4599928844091,914.0382893662205,527.1657634949507,852.8649589290162,741.3577363175467,853.8012884016742,723.7547422315762,845.3743231477522,708.773470669048,826.647733694592,725.8146670714237,1088.849685752634,587.2857400553083,1108.7261535055495,588.9284233406732,1116.2824966182284,573.9800054438524,1089.0139540811704,570.858907201659,1195.398323982564,667.0492495134475,1208.8519000897027,676.6589467328323,1227.6277700414237,669.2668719486901,1212.9914619688223,646.9428061005808
labeled-data/WT_00590/img033.png,55.11551552144737,506.96963193997243,36.68460905965288,509.650491061688,16.745719341893384,511.66113540297465,28.977139084720626,528.9191659990186,1158.089865473684,407.27945432771685,1147.083887461739,396.27347631577186,1140.92053977505,376.68283545450976,1121.109779353549,368.5384117256704,1117.3677468294877,357.3123141534865,1114.286072986143,373.82128117140405,1098.657584209181,384.82725918334904,1075.5450303840967,392.09120467123273,1003.0973029275941,65.60047677650354,1018.2855525840782,71.4944244043929,1023.2727390384462,92.12324110200565,1024.8595710921086,113.88550926652022,563.3150015586457,841.7545299696195,573.5024136886298,854.2704934436001,,,,,,,,,554.2918651006596,856.890113705596,537.1187989386863,844.665219149615,,,,,,,,,,,,,,,,,,,,,,,,,,,,,,,,,,,,,,,,,386.66880739745767,460.0523371032633,404.9535690397906,452.4169421317397,410.17778665188564,437.94987797516865,397.51910551488595,414.0390358275025,,,,,,,,,,,,,,,,,,,,,,,,,,,,,,,,,,,,,,,,,,,,,,,,,,,,,,,,,,,,,,,,,,,,,,,,,,,,,,,,,478.77833046541355,540.8153469369686,490.13255733385597,533.4561258185338,508.4254783996798,535.3484969632741,520.8310225707557,530.7227008316866,,,,,,,,,790.239578971239,499.59733506258607,773.0735386391755,501.2235915150973,756.4495837912824,488.9363205405677,756.2688886298923,466.16873020540976,934.4802816815803,446.6865721483132,925.1235576881418,457.5052842657266,909.041688324419,459.25967001449635,895.5913975838511,440.546222027619,940.0358365526845,500.19533748579033,926.5855458121165,509.84445910402394,905.8253144516746,506.92048285607433,887.6966617143872,500.19533748579033,877.3685648857639,746.4062277121244,863.0180837048159,744.9343834884374,848.1156609399852,729.847980195646,845.1719724926113,705.7465310327717,1080.3768945630998,609.2814663683391,1085.968588466482,591.1462428979103,1103.348177625643,583.136519198471,1124.0525577543826,571.8020045294529,1178.3233605825742,674.0558850915116,1192.006912349664,664.8798562594632,1211.8078166714529,669.2263962325388,1232.7356017270022,673.8949021295459
labeled-data/WT_00590/img035.png,59.98092986387122,500.60403708718917,43.61323360849509,510.7032539256128,23.066551075150592,508.96200964312595,12.096712095483603,524.6332081855073,1081.1956621210745,613.6524494687009,1081.7870281038058,595.3201040040283,1096.2754946807245,583.4927843494008,1121.1128659554422,580.5359544357439,1175.2228533753628,679.589756543249,1186.1631240558934,666.5797049231588,1205.9738844773942,662.1444600526735,1226.6716938729924,678.4070245777863,883.5857942268963,747.9350401921481,866.2456294665841,745.4578737978178,849.6676697506813,735.9303107427012,847.190503356351,709.4436854494771,557.5688718912804,837.4684288215682,571.10639337424,848.4990018817575,,,,,,,,,565.5911068441454,857.8582759934333,536.6776350348613,855.5184574655143,,,,,,,,,,,,,,,,,,,,,,,,,,,,,,,,,,,,,,,,,383.1809114001111,464.3070443844401,399.7523003828725,456.44844754725426,413.7611034404646,445.34390853818735,401.63153006132995,421.426439903274,,,,,,,,,,,,,,,,,,,,,,,,,,,,,,,,,,,,,,,,,,,,,,,,,,,,,,,,,,,,,,,,,,,,,,,,,,,,,,,,,474.13451738355207,545.8097611977921,484.4341415827902,535.3294418371639,501.7808770762438,532.799709577702,526.174723863913,536.775003128285,,,,,,,,,794.0842742725858,496.98921395674654,778.2816610673752,502.33779073389474,756.6442368325484,499.1772680928526,755.6717683276124,475.35178972191966,938.9060121304766,445.35218766194555,927.433512065488,454.59392382540864,911.4994841974482,465.11038221831484,896.5214980014907,448.8576737929143,941.7741371467238,498.2531601838376,930.6203176390959,508.13225746202227,913.411567541613,512.5937852650734,890.7852479689965,497.93447962647684,1165.4046635080329,405.77344229169427,1149.9897235581684,402.7509050466228,1141.8288729964754,386.42920392323686,1128.529709118161,365.2714432077366,1116.7418138623823,351.3677718804079,1116.7418138623823,368.5962341773152,1106.162933504632,384.615681576194,1078.6578445744817,385.2201890252083,997.3614471390881,67.80154096422969,1014.0281117524006,67.61427506969808,1025.6385972133598,82.78281252675784,1020.7696839555383,108.25097418305569
labeled-data/WT_00590/img036.png,61.7850002112901,497.145728820176,47.247253135810496,509.74510961892497,25.537550836427613,508.5820898528866,6.347724696794543,517.4985747258474,1080.9683311812128,616.9249374024735,1081.1818800083101,598.9868359262884,1090.1509307464025,583.1842227210778,1118.5529247503623,581.9029297584932,1172.201229462198,680.3922401818156,1185.1324322845905,667.6187349548179,1202.6368653734394,660.6800407574365,1223.1375527747937,675.3459171291745,883.6277927104533,750.0845241247137,868.0452990654815,744.8903595763898,850.6197147743303,736.1775674308142,846.0957650064354,710.5418520794091,554.7664728678741,835.7590950793276,569.5152166225092,846.3145685507822,,,,,,,,,567.490879244422,856.7254464952305,539.1501559512016,858.315997292299,,,,,,,,,,,,,,,,,,,,,,,,,,,,,,,,,,,,,,,,,381.6491486609071,466.3989029873551,398.3650937727806,456.6479350054289,415.0810388846541,443.7627273150264,404.11119990498713,422.69367149693585,,,,,,,,,,,,,,,,,,,,,,,,,,,,,,,,,,,,,,,,,,,,,,,,,,,,,,,,,,,,,,,,,,,,,,,,,,,,,,,,,472.22670504600865,547.7902255931289,483.6441180875393,536.90800378792,505.23016461918326,533.1616651336677,524.1402549692184,538.870371654433,,,,,,,,,796.5795627489202,496.60062079876053,779.1539784577691,501.62723165197724,758.712427654688,502.46500012751335,755.0262463623291,479.0074828125022,942.1397951606793,446.8162784205256,928.4201043613116,453.67612382020945,915.4100527412213,466.44962904720717,899.3248980109279,453.43957742711694,944.5052590916049,497.2006601492386,931.2586610784222,506.42596947984805,917.0658774928692,514.4685468449948,892.938145397429,498.85648490088647,1117.5074094050926,349.39635481597577,1117.067170284615,367.4461587555656,1107.8221487545811,385.4959626951554,1081.627921086152,385.0557235746776,1169.8958647419508,403.986005755223,1152.286299922839,404.86648399617866,1141.280321910894,393.64038642399476,1135.1169742242048,365.4650827134155,995.1243556215476,68.58740064794827,1013.1281644291471,66.74759536833955,1026.9267040262125,78.44350036013782,1019.6988975706068,104.59501826314747
labeled-data/WT_00590/img042.png,70.38029286414678,483.2536876905077,58.799375702324056,496.06661731635415,46.972056047696555,515.5324142479286,21.099794303198962,510.60436439183377,1178.5133714008755,405.4123805055712,1165.7792905727265,401.91675047431465,1148.8005161351948,407.1601955211995,1137.314874603923,391.9292360992959,986.7068456526159,52.765075243313305,995.1633792056746,65.96239275793513,1013.1014806818596,68.52497868310442,1033.6021680832139,76.8533829399046,883.9522456568787,768.7639357139182,883.9522456568787,750.7666976394601,876.044368321132,734.6782575425959,849.8665674855565,733.5875158411136,555.7295041159219,815.7800208182089,554.9877478410199,834.4722789457411,558.2514754505889,846.1920280891939,574.2734109884738,860.5820998222941,,,,,,,,,,,,,,,575.0151672633758,853.3128883282538,,,,,,,,,,,,,,,,,,,,,,,,,,,,,,,,,384.21469305867333,487.5348488688258,384.21469305867333,467.5729615850712,400.3064185221082,445.5741470274641,420.06461307847746,442.31506338930006,,,,,,,,,,,,,,,,,,,,,,,,,,,,,,,,,,,,,,,,,,,,,,,,,,,,,,,,,,,,,,,,,,,,,,,,,,,,,,,,,456.4969168888086,541.6638914148567,472.3258130265851,547.7352488375655,491.9493075535545,544.0490675452065,506.9108669166582,528.6538397947664,,,,,,,,,806.7545697087639,507.58721514793814,795.4791916380191,497.67854957061695,779.5911589019695,499.2161011257185,749.5234840466499,504.3412729760571,948.4573563115155,461.89946205407773,942.5239842847774,447.4898442748566,929.8096156560528,447.4898442748566,917.6603300774938,466.420126455402,957.2161435890813,508.23627216765163,943.3716088600256,496.0869865890926,929.52707413097,492.97902981318214,912.2920411009212,514.1696441943898,1066.3568555518361,625.4507921901743,1081.2592783166667,614.8062045010096,1085.7832280845616,596.4442907372004,1091.9038660058313,575.4212300511001,1154.1747039874451,669.3597164079788,1170.6738149056505,678.1415012515397,1184.5117789015646,680.0043040971435,1197.8175135130205,660.3118168721888,1133.8192445726665,347.4847971304624,1116.5907822757592,349.7319878648416,1108.6007707757442,365.96169872424707,1103.6070135882348,395.175178271177
labeled-data/WT_00590/img047.png,85.65873568909716,486.74590094053076,66.49847784860063,483.3751148389619,50.531596314853516,493.13265355402956,46.27376123918762,518.3248444183862,1140.8697940029983,668.4239783013038,1159.5306761247439,670.1323689180834,1175.9575089783932,685.2450551434407,1196.5896110425767,679.4628099789562,896.8402491942329,777.3075314811011,882.6901753740995,765.3159434979373,880.0520260178033,747.3285615231913,869.7392603522823,723.1055537972001,1179.160580401893,420.1796432896819,1178.148687498108,404.4230252164615,1165.7168603944663,396.3278819861831,1146.057226835219,405.8685865075826,553.4048391108762,805.0151934857096,557.3194847945637,823.0971283103611,553.218427411653,844.5344737210305,559.370013486019,859.6338213581106,,,,,,,,,,,,,,,,,,,,,,,,,,,,,,,,,,,,,,,,,,,,,,,,,367.80501134954176,489.9942541032898,384.98452769381527,483.5114177469602,393.4122149570437,469.5733195808515,398.59848404210743,438.1315632526529,,,,,,,,,,,,,,,,,,,,,,,,,,,,,,,,,,,,,,,,,,,,,,,,,,,,,,,,,,,,,,,,,,,,,,,,,,,,,,,,,448.19218216802903,540.2362358648444,465.37169851230254,544.7742213142751,484.8202075812914,555.1467594844025,501.99972392556487,544.7742213142751,,,,,,,,,812.2535111431214,513.1540716800457,800.583889083889,503.9156208831534,787.4555642672525,494.67717008626107,768.4924284209998,500.26886398964325,957.9486062099259,460.81910211095897,947.024762362249,458.6343333414236,942.343114998959,448.95892879062416,927.6739532606503,446.1499403726501,968.248230409164,512.3172231071494,950.4579704286617,503.89025785322735,934.852479217695,486.7242175211639,917.0622192371927,492.96641400555063,1143.2622373642027,345.9684690434077,1126.7039898477244,349.418103942674,1111.1116401030404,348.3142207749088,1105.5922242642143,376.04928536501023,978.924607305267,43.19933622864481,989.9634389829193,55.42089987175987,998.83392872389,74.34461131916385,1019.7288601137319,72.96475735945731,1056.5904808433766,633.9810493690804,1070.2510350444713,621.6215003299945,1089.3324440872702,609.0451170972407,1091.0671176366156,585.193355793742
labeled-data/WT_00590/img055.png,,,,,,,,,,,,,,,,,,,,,,,,,,,,,,,,,,,,,,,,,,,,,,,,,,,,,,,,,,,,,,,,,,,,,,,,,,,,,,,,,,,,,,,,,,,,,,,,,,,,,,,,,,,,,,,,,,,,,,,,,,,,,,,,,,,,,,,,,,,,,,,,,,,,,,,,,,,,,,,,,,,,,,,,,,,,,,,,,,,,,,,,,,,,,,,,,,,,,,,,,,,,,,,,,,,,,,,,,,,,,,,,,,,,,,,,,,,,,,,,
labeled-data/WT_00590/img059.png,,,,,,,,,,,,,,,,,,,,,,,,,,,,,,,,,,,,,,,,,,,,,,,,,,,,,,,,,,,,,,,,,,,,,,,,,,,,,,,,,,,,,,,,,,,,,,,,,,,,,,,,,,,,,,,,,,,,,,,,,,,,,,,,,,,,,,,,,,,,,,,,,,,,,,,,,,,,,,,,,,,,,,,,,,,,,,,,,,,,,,,,,,,,,,,,,,,,,,,,,,,,,,,,,,,,,,,,,,,,,,,,,,,,,,,,,,,,,,,,
labeled-data/WT_00590/img064.png,,,,,,,,,,,,,,,,,,,,,,,,,,,,,,,,,,,,,,,,,,,,,,,,,,,,,,,,,,,,,,,,,,,,,,,,,,,,,,,,,,,,,,,,,,,,,,,,,,,,,,,,,,,,,,,,,,,,,,,,,,,,,,,,,,,,,,,,,,,,,,,,,,,,,,,,,,,,,,,,,,,,,,,,,,,,,,,,,,,,,,,,,,,,,,,,,,,,,,,,,,,,,,,,,,,,,,,,,,,,,,,,,,,,,,,,,,,,,,,,
labeled-data/WT_00590/img072.png,,,,,,,,,,,,,,,,,,,,,,,,,,,,,,,,,,,,,,,,,,,,,,,,,,,,,,,,,,,,,,,,,,,,,,,,,,,,,,,,,,,,,,,,,,,,,,,,,,,,,,,,,,,,,,,,,,,,,,,,,,,,,,,,,,,,,,,,,,,,,,,,,,,,,,,,,,,,,,,,,,,,,,,,,,,,,,,,,,,,,,,,,,,,,,,,,,,,,,,,,,,,,,,,,,,,,,,,,,,,,,,,,,,,,,,,,,,,,,,,
labeled-data/WT_00590/img087.png,,,,,,,,,,,,,,,,,,,,,,,,,,,,,,,,,,,,,,,,,,,,,,,,,,,,,,,,,,,,,,,,,,,,,,,,,,,,,,,,,,,,,,,,,,,,,,,,,,,,,,,,,,,,,,,,,,,,,,,,,,,,,,,,,,,,,,,,,,,,,,,,,,,,,,,,,,,,,,,,,,,,,,,,,,,,,,,,,,,,,,,,,,,,,,,,,,,,,,,,,,,,,,,,,,,,,,,,,,,,,,,,,,,,,,,,,,,,,,,,
labeled-data/WT_00590/img098.png,,,,,,,,,,,,,,,,,,,,,,,,,,,,,,,,,,,,,,,,,,,,,,,,,,,,,,,,,,,,,,,,,,,,,,,,,,,,,,,,,,,,,,,,,,,,,,,,,,,,,,,,,,,,,,,,,,,,,,,,,,,,,,,,,,,,,,,,,,,,,,,,,,,,,,,,,,,,,,,,,,,,,,,,,,,,,,,,,,,,,,,,,,,,,,,,,,,,,,,,,,,,,,,,,,,,,,,,,,,,,,,,,,,,,,,,,,,,,,,,
labeled-data/WT_00590/img101.png,,,,,,,,,,,,,,,,,,,,,,,,,,,,,,,,,,,,,,,,,,,,,,,,,,,,,,,,,,,,,,,,,,,,,,,,,,,,,,,,,,,,,,,,,,,,,,,,,,,,,,,,,,,,,,,,,,,,,,,,,,,,,,,,,,,,,,,,,,,,,,,,,,,,,,,,,,,,,,,,,,,,,,,,,,,,,,,,,,,,,,,,,,,,,,,,,,,,,,,,,,,,,,,,,,,,,,,,,,,,,,,,,,,,,,,,,,,,,,,,
labeled-data/WT_00590/img113.png,,,,,,,,,,,,,,,,,,,,,,,,,,,,,,,,,,,,,,,,,,,,,,,,,,,,,,,,,,,,,,,,,,,,,,,,,,,,,,,,,,,,,,,,,,,,,,,,,,,,,,,,,,,,,,,,,,,,,,,,,,,,,,,,,,,,,,,,,,,,,,,,,,,,,,,,,,,,,,,,,,,,,,,,,,,,,,,,,,,,,,,,,,,,,,,,,,,,,,,,,,,,,,,,,,,,,,,,,,,,,,,,,,,,,,,,,,,,,,,,
labeled-data/WT_00590/img128.png,,,,,,,,,,,,,,,,,,,,,,,,,,,,,,,,,,,,,,,,,,,,,,,,,,,,,,,,,,,,,,,,,,,,,,,,,,,,,,,,,,,,,,,,,,,,,,,,,,,,,,,,,,,,,,,,,,,,,,,,,,,,,,,,,,,,,,,,,,,,,,,,,,,,,,,,,,,,,,,,,,,,,,,,,,,,,,,,,,,,,,,,,,,,,,,,,,,,,,,,,,,,,,,,,,,,,,,,,,,,,,,,,,,,,,,,,,,,,,,,
labeled-data/WT_00590/img132.png,,,,,,,,,,,,,,,,,,,,,,,,,,,,,,,,,,,,,,,,,,,,,,,,,,,,,,,,,,,,,,,,,,,,,,,,,,,,,,,,,,,,,,,,,,,,,,,,,,,,,,,,,,,,,,,,,,,,,,,,,,,,,,,,,,,,,,,,,,,,,,,,,,,,,,,,,,,,,,,,,,,,,,,,,,,,,,,,,,,,,,,,,,,,,,,,,,,,,,,,,,,,,,,,,,,,,,,,,,,,,,,,,,,,,,,,,,,,,,,,
labeled-data/WT_00590/img136.png,,,,,,,,,,,,,,,,,,,,,,,,,,,,,,,,,,,,,,,,,,,,,,,,,,,,,,,,,,,,,,,,,,,,,,,,,,,,,,,,,,,,,,,,,,,,,,,,,,,,,,,,,,,,,,,,,,,,,,,,,,,,,,,,,,,,,,,,,,,,,,,,,,,,,,,,,,,,,,,,,,,,,,,,,,,,,,,,,,,,,,,,,,,,,,,,,,,,,,,,,,,,,,,,,,,,,,,,,,,,,,,,,,,,,,,,,,,,,,,,
